Sample_ID,gridage,gridcrust,gridsubcrust,gridlith,gridsublith,gridsed,gridsubsed,gridserp,gridsubserp,Plot_unit,Rock_Types,Age_Min,Age_Max,vol
0,28.47398567199707,6.184999479410624e-06,6.708245865193789e-05,4.3834167566899605e-06,4.3834167566899605e-06,4.56561174360104e-05,0.00012279970301948932,8.658770163657591e-08,1.5100876526548209e-05,Horomaka,basaltic,Quaternary,Paleocene,1
-1,30.50910186767577,6.4859816551686674e-06,5.702845986548116e-05,4.809531197993933e-06,4.809531197993933e-06,4.3369811464799575e-05,0.00011372682673622012,1.6181088800180116e-06,1.2833044324522087e-05,Horomaka,basaltic,Pliocene,Pliocene,1
0,30.509101867675785,6.502726914458353e-06,6.28325185506438e-05,4.830037819082468e-06,4.830037819082468e-06,4.3369811464799575e-05,0.00012265835723495534,1.691676921803616e-06,1.4620755228054081e-05,Horomaka,basaltic,Pliocene,Pliocene,1
-1,30.509101867675792,6.493710937755938e-06,5.682805773293554e-05,4.818996651264103e-06,4.818996651264103e-06,4.3369811464799575e-05,0.0001137978954548753,1.652066442245994e-06,1.2672657143136368e-05,Horomaka,trachytic & andesitic,Pliocene,Pliocene,1
0,30.50910186767578,6.227209733968563e-06,6.714930743724815e-05,4.492633284106684e-06,4.492633284106684e-06,4.3369811464799575e-05,0.0001267491878323453,4.812292902515559e-07,1.53786672621759e-05,Horomaka,peralkaline,Pliocene,Pliocene,1
0,67.77305603027344,8.059840904089024e-06,7.958047286104393e-05,5.0655321483570745e-06,5.0655321483570745e-06,1.840695684387786e-05,5.177274208572154e-05,2.2857950789425723e-06,9.646864143247804e-05,Lord Howe,basaltic,Pliocene,Miocene,1
0,66.848388671875,8.033926891909976e-06,9.182759715914085e-05,4.929175285593222e-06,4.929175285593222e-06,1.7428679454920034e-05,5.0200619810716715e-05,2.0563727422520985e-06,8.194611244233474e-05,Lord Howe,basaltic,Pliocene,Miocene,1
-1,66.848388671875,8.035182220582748e-06,9.010535152701532e-05,4.902964195969291e-06,4.902964195969291e-06,1.7465525292900804e-05,4.9965822854676615e-05,1.959535189770304e-06,8.148877205660054e-05,Lord Howe,basaltic,Pliocene,Miocene,1
0,66.848388671875,8.033275452850585e-06,9.172503565305514e-05,4.942777243343936e-06,4.942777243343936e-06,1.7444834808119196e-05,5.025179361532736e-05,2.1066255290090925e-06,8.211236439169263e-05,Lord Howe,basaltic,Pliocene,Miocene,1
0,66.84838867187499,8.0333763241073e-06,9.113493094567779e-05,4.940671065410082e-06,4.940671065410082e-06,1.7463781694404676e-05,5.020268002630447e-05,2.098844199841484e-06,8.20360019575736e-05,Lord Howe,basaltic,Pliocene,Miocene,1
0,66.848388671875,8.03412933790195e-06,9.149472821715532e-05,4.924948241190667e-06,4.924948241190667e-06,1.743657020992724e-05,5.015956791832665e-05,2.0407558167427643e-06,8.186544692301832e-05,Lord Howe,basaltic,Pliocene,Miocene,1
-1,66.848388671875,8.033108269077086e-06,8.898515398322827e-05,4.9462680174860714e-06,4.9462680174860714e-06,1.7545013598659578e-05,5.008324308354447e-05,2.1195222848876623e-06,8.191700300827409e-05,Lord Howe,basaltic,Quaternary,Miocene,1
0,66.85533280568279,8.03287639428163e-06,8.990543426426192e-05,4.951109531248221e-06,4.951109531248221e-06,1.761082362401752e-05,5.082875972509501e-05,2.137409383431077e-06,8.293009003590993e-05,Lord Howe,basaltic,Pliocene,Miocene,1
0,66.85575246510125,8.03287639428163e-06,8.80956545108845e-05,4.951109531248221e-06,4.951109531248221e-06,1.7614264725234844e-05,5.028712941287605e-05,2.137409383431077e-06,8.219903609760206e-05,Lord Howe,basaltic,Pliocene,Miocene,1
-1,66.85531512178001,8.03287639428163e-06,8.979728985381363e-05,4.951109531248221e-06,4.951109531248221e-06,1.7610678620481955e-05,5.0793250172339834e-05,2.137409383431077e-06,8.288251140784665e-05,Lord Howe,basaltic,Pliocene,Miocene,1
0,25.70363426208496,6.2495098122617066e-06,4.5312542791277503e-05,4.679542766627993e-06,4.679542766627993e-06,3.5567671147873625e-05,0.00010694816551667162,1.1747424966757141e-06,1.0144136672449454e-05,Horomaka,basaltic,Pliocene,Miocene,1
-1,51.90032553529524,7.613636503021181e-06,1.9694663073078152e-05,5.284261280533657e-06,5.284261280533657e-06,1.6142133847824147e-05,9.79812479996149e-06,3.0168559287825298e-06,2.872619067536769e-05,Tasmantid,"basaltic & rudaceous (cgl, br)",Pliocene,Miocene,1
-1,23.04556655883789,6.361282430589197e-06,4.132328483470706e-05,5.0504404498497016e-06,5.0504404498497016e-06,3.212010415154509e-05,9.133271895927329e-05,2.4442277615889903e-06,9.259701619989386e-06,Horomaka,basaltic,Miocene,Miocene,1
-1,23.04556655883789,6.361282430589199e-06,5.427200774280359e-05,5.0504404498497016e-06,5.0504404498497016e-06,3.212010415154509e-05,0.000118755836362129,2.4442277615889908e-06,1.1445221106780793e-05,Horomaka,peralkaline,Miocene,Miocene,1
-1,22.644245333227488,5.8779010139238235e-06,4.178775103193261e-05,4.367699747266145e-06,4.367699747266145e-06,3.212010415154509e-05,9.288394835030856e-05,3.363152339852919e-08,7.531697675305251e-06,Whakaari,basaltic,Miocene,Miocene,1
-1,29.956846141375532,6.9593661464750775e-06,5.488669374819008e-05,8.146315849444362e-06,8.146315849444362e-06,2.771439176285639e-05,5.1609487627701476e-05,5.24435737170279e-06,2.6925798846683536e-05,Horomaka,trachytic & andesitic & basaltic,Miocene,Miocene,1
-1,40.27983078112029,7.607142834291522e-06,9.673723332399511e-05,1.88096419294613e-05,1.88096419294613e-05,2.8619793234212563e-05,5.178823882722475e-05,4.076050058059711e-06,0.001477167895479207,Tasmantid,"basaltic & rudaceous (cgl, br)",Pliocene,Miocene,1
0,30.18979263305664,7.134045180024048e-06,5.6425943403087905e-05,8.461601985211356e-06,8.461601985211356e-06,2.7714391762856397e-05,5.084808541593962e-05,5.27025229659058e-06,2.4161238385711e-05,Horomaka,basaltic,Miocene,Miocene,1
0,39.400969240711824,7.576902037030067e-06,3.8066573587662696e-05,5.47893027795168e-06,5.47893027795168e-06,2.887597307184588e-05,2.1500663753807706e-05,3.2612069396113127e-06,3.57304355996106e-05,Tasmantid,"basaltic & rudaceous (cgl, br)",Pliocene,Miocene,1
-1,32.4574086723736,7.108419525449141e-06,5.5534599441516235e-05,8.265882200072478e-06,8.265882200072478e-06,2.437729744997341e-05,4.800842599288576e-05,5.235918214375947e-06,2.6649799714356648e-05,Horomaka,basaltic,Miocene,Miocene,1
0,27.76505851745605,7.01645831213682e-06,4.5571263475903036e-05,8.294897270388901e-06,8.294897270388901e-06,2.7955906633933807e-05,3.4708354890270044e-05,5.246783653274179e-06,2.291868293205272e-05,Horomaka,basaltic,Miocene,Miocene,1
-1,53.471013357827864,7.454226108599339e-06,0.00010239117223299692,4.7291051378624935e-06,4.7291051378624935e-06,1.6197429431485943e-05,5.53844113597828e-05,1.2222099118174933e-07,9.857239990440028e-05,Tasmantid,"basaltic & rudaceous (cgl, br)",Miocene,Miocene,1
-1,28.68338394165039,6.955413495891048e-06,4.1933218823556856e-05,8.282516387545898e-06,8.282516387545898e-06,2.7462539527301534e-05,2.1138897767093407e-05,5.256385357485103e-06,2.4010913083283342e-05,Horomaka,basaltic,Miocene,Miocene,1
0,28.68338394165039,7.084047843310309e-06,4.2186345732188394e-05,8.509075485570186e-06,8.509075485570186e-06,2.613876060127598e-05,2.139053266463271e-05,5.275386637489257e-06,2.4016450077464293e-05,Horomaka,basaltic,Miocene,Miocene,1
0,26.888366302908754,6.899027749877478e-06,4.1254067528871304e-05,8.183206179855997e-06,8.183206179855997e-06,2.8042806491751647e-05,2.2569585476518985e-05,5.2480563118628236e-06,2.5243679376740854e-05,Horomaka,basaltic,Miocene,Miocene,1
-1,28.118681234693327,6.944840155264569e-06,4.177526331341088e-05,8.263893939004755e-06,8.263893939004755e-06,2.7571350010503224e-05,2.2415636400150265e-05,5.254823511758407e-06,2.4898911600153963e-05,Horomaka,basaltic,Miocene,Miocene,1
-1,37.115766032065984,7.534098228169151e-06,1.800161977695778e-05,1.1583718239241456e-05,1.1583718239241456e-05,2.6264514650090886e-05,1.1998227364529155e-05,3.250748920438566e-06,4.1002404385600545e-06,Tasmantid,"basaltic & rudaceous (cgl, br)",Pliocene,Miocene,1
0,37.115766032065984,7.534098228169151e-06,1.800161977695778e-05,1.1583718239241456e-05,1.1583718239241456e-05,2.6264514650090886e-05,1.1998227364529155e-05,3.250748920438566e-06,4.1002404385600545e-06,Tasmantid,"basaltic & rudaceous (cgl, br)",Pliocene,Miocene,1
0,45.83150214696745,7.444125965415759e-06,0.00011003837456668436,7.027607011535582e-06,7.027607011535582e-06,1.641113775668838e-05,5.945153836415837e-05,4.184227513455954e-06,2.7806121039451422e-05,Tasmantid,"basaltic & rudaceous (cgl, br)",Pliocene,Miocene,1
0,26.792470366575678,6.9821947907168675e-06,3.633925065740214e-05,8.439957586422163e-06,8.439957586422163e-06,2.495658554835245e-05,1.2325498879853426e-05,5.257573163225863e-06,2.272010532989579e-05,Horomaka,basaltic,Miocene,Miocene,1
0,25.26901054382324,6.943641399006452e-06,3.713694025190659e-05,8.372657263251963e-06,8.372657263251963e-06,2.495658554835245e-05,1.3650535919610005e-05,5.24789538525687e-06,2.259425494495018e-05,Horomaka,trachytic & andesitic & basaltic,Miocene,Miocene,1
0,22.00010681152344,6.737014246027682e-06,2.281588002084016e-05,8.011960744624957e-06,8.011960744624957e-06,3.0808426913478785e-05,7.18164318723737e-06,5.1960272714495655e-06,1.4462066088399149e-05,Horomaka,basaltic,Miocene,Miocene,1
-1,25.269010543823253,6.850130437337204e-06,3.6485867693836494e-05,8.209420835506056e-06,8.209420835506056e-06,2.495658554835245e-05,1.2980377966079285e-05,5.224422007570689e-06,2.228900578266882e-05,Horomaka,trachytic & andesitic & basaltic,Miocene,Miocene,1
0,47.93969156645907,7.433660691402996e-06,0.00011000987392230695,6.637938406146478e-06,6.637938406146478e-06,1.6442622555768448e-05,5.836214156932874e-05,1.9532314840761047e-06,3.2806500402973015e-07,Tasmantid,"basaltic & rudaceous (cgl, br)",Pliocene,Miocene,1
0,27.931253872923246,6.991818741237163e-06,3.5599661692229176e-05,8.45675753453192e-06,8.45675753453192e-06,2.495658554835245e-05,1.1389182538190108e-05,5.259988993641498e-06,2.257236723908869e-05,Horomaka,basaltic,Miocene,Miocene,1
-1,26.943908968634478,6.916213041575017e-06,3.58400278889498e-05,8.324777239283417e-06,8.324777239283417e-06,2.495658554835245e-05,1.1616376208891734e-05,5.2410102438594685e-06,2.2504720167644466e-05,Horomaka,basaltic,Miocene,Miocene,1
-1,26.895997808463978,7.013567585278063e-06,3.650157831212389e-05,8.494723175623245e-06,8.494723175623245e-06,2.495658554835245e-05,1.2532807672575215e-05,5.265448448033762e-06,2.282251598943005e-05,Horomaka,basaltic,Miocene,Miocene,1
-1,37.548699953109995,7.450903852615445e-06,4.129038619458672e-05,4.7881920358513615e-06,4.7881920358513615e-06,2.8080066840630025e-05,2.4308909795713354e-05,9.186856837713879e-07,4.355130475793129e-06,Tasmantid,"basaltic & rudaceous (cgl, br)",Miocene,Miocene,1
-1,15.015692839748029,5.808870190475579e-06,2.6190487488586592e-05,7.752705804912125e-06,7.752705804912125e-06,2.3109381445537576e-05,1.8674639178988828e-05,3.6839820272936485e-06,6.8875990844313155e-06,Back arc basin,basaltic,Miocene,Cretaceous,1
-1,19.89508247375488,6.758924948134195e-06,2.1717504624865866e-05,8.023776923791732e-06,8.023776923791732e-06,3.038933573407121e-05,5.65274604014121e-06,5.222237412069399e-06,1.0886728691903466e-05,Horomaka,basaltic,Miocene,Miocene,1
0,15.757127392450675,5.8458756896827945e-06,1.755636979688683e-05,4.945607629509022e-06,4.945607629509022e-06,1.822149170038756e-05,6.655137927182127e-06,2.018317333088229e-06,3.632788786671231e-06,Back arc basin,basaltic,Pliocene,Cretaceous,1
0,20.835107803344727,6.757913070032372e-06,2.7463748656006632e-05,8.04651699581882e-06,8.04651699581882e-06,2.8570422728080302e-05,6.807711973786995e-06,5.188595270738007e-06,8.5183141330365e-06,Horomaka,basaltic,Miocene,Miocene,1
-1,20.835107803344727,6.757913070032372e-06,2.7463748656006632e-05,8.04651699581882e-06,8.04651699581882e-06,2.8570422728080302e-05,6.807711973786995e-06,5.188595270738007e-06,8.5183141330365e-06,Horomaka,basaltic,Miocene,Miocene,1
0,14.394963978589153,5.95660235191252e-06,2.1333867397373912e-05,5.037310661387003e-06,5.037310661387003e-06,1.9936505850637328e-05,1.0516263722312367e-05,2.403173787826461e-06,5.852278681394131e-06,Horomaka,basaltic & lava flow,Pliocene,Cretaceous,1
-1,23.995058059692386,6.917143141479068e-06,2.214776093922992e-05,8.313130077011823e-06,8.313130077011823e-06,2.805636690592703e-05,5.357514340445224e-06,5.226260723018171e-06,8.173981054544639e-06,Horomaka,basaltic,Miocene,Miocene,1
-1,14.993793487548828,6.039063009666279e-06,6.029075150238081e-05,5.065402547188569e-06,5.065402547188569e-06,1.1875348703803509e-05,5.2740307483612173e-05,2.4866878404282037e-06,4.6944680932436965e-05,Whakaari,basaltic,Miocene,Miocene,1
-1,13.875414177878113,5.861336169064765e-06,3.6990727748271134e-05,5.029347994109882e-06,5.029347994109882e-06,2.208970909123309e-05,1.3275473011347207e-05,2.379461504905708e-06,1.4007378909473794e-05,Back arc basin,basaltic,Pliocene,Cretaceous,1
-1,18.721710205078125,6.513762855320238e-06,2.3673962688038825e-05,7.629691026522776e-06,7.629691026522776e-06,2.833678269434541e-05,6.275341164713953e-06,5.161844426766037e-06,5.508095432787326e-06,Horomaka,trachytic & andesitic & basaltic,Miocene,Miocene,1
-1,12.886473358550889,5.756672895792773e-06,2.667019343857823e-05,5.317711508311912e-06,5.317711508311912e-06,1.9401166466423026e-05,1.3042592966527635e-05,3.082798491370805e-06,1.0623650927363632e-05,Horomaka,basaltic & pyroclastic rock,Pliocene,Cretaceous,1
0,34.52155479865539,7.3542154719640765e-06,2.689251229167615e-05,4.847789581325116e-06,4.847789581325116e-06,2.414205436834897e-05,1.6642420504900232e-05,1.0795105448866935e-06,9.539610636482337e-06,Tasmantid,"basaltic & rudaceous (cgl, br)",Miocene,Miocene,1
0,35.027363544510195,7.3358730772704136e-06,3.194545484293016e-05,4.8376158749530805e-06,4.8376158749530805e-06,2.311048762406556e-05,2.356769025346723e-05,1.208633406028666e-06,1.1107367412827603e-05,Tasmantid,"basaltic & rudaceous (cgl, br)",Miocene,Miocene,1
0,13.993894772704385,5.9480490531831146e-06,1.7175761055731135e-05,5.3591128499462734e-06,5.3591128499462734e-06,2.212296034815195e-05,1.9656083735247986e-05,3.187975692832851e-06,4.509383715410352e-06,Whakaari,basaltic,Quaternary,Paleocene,1
-1,12.895612716674805,5.505495847168642e-06,6.0103249681195095e-05,4.848758477351908e-06,4.848758477351908e-06,8.664858292639227e-06,2.7888245890881622e-05,1.7974431795494143e-07,2.6898679093986843e-05,Arc,"basaltic & rudaceous (cgl, br)",Pliocene,Cretaceous,1
-1,33.831969016556336,7.365648552549147e-06,2.4501693813976918e-05,5.376541844872162e-06,5.376541844872162e-06,1.1260038263571914e-05,2.731222187779572e-05,3.2337406924352414e-06,1.0602290499702807e-05,Arc,basaltic,Miocene,Cretaceous,1
0,16.794688801890526,6.3616368007984004e-06,2.2376454942509928e-05,7.642693272038763e-06,7.642693272038763e-06,2.589497853477951e-05,6.1871740562815425e-06,5.164018262085515e-06,4.994404147831241e-07,Horomaka,trachytic & andesitic & basaltic,Miocene,Miocene,1
0,11.076641219372453,5.607312598798467e-06,3.538385606147954e-05,5.724534054233224e-06,5.724534054233224e-06,1.7594133143173605e-05,1.951721144817651e-05,3.59880540490031e-06,1.6633489558276457e-05,Back arc basin,basaltic,Pliocene,Cretaceous,1
-1,11.037234886272357,5.817898269468376e-06,1.7133559549720892e-05,5.023236292439212e-06,5.023236292439212e-06,9.405814741387567e-06,6.397836133760594e-06,2.345519029008733e-06,4.390034346352846e-06,Back arc basin,basaltic,Pliocene,Cretaceous,1
0,11.454735485419832,5.75316398444432e-06,6.203796223140086e-05,5.044133638970076e-06,5.044133638970076e-06,1.3042742484769725e-05,3.808399714584305e-05,2.4247212568297987e-06,3.343967591285901e-05,Arc,basaltic,Pliocene,Cretaceous,1
0,10.187216041849169,5.469011894729928e-06,6.680983932272729e-05,5.155331489508918e-06,5.155331489508918e-06,1.5484883988392543e-05,4.2154321985316e-05,2.6773783686236613e-06,3.1694193200769705e-05,Back arc basin,basaltic,Pliocene,Cretaceous,1
-1,8.299361680379754,5.236218498300946e-06,4.048386967591859e-05,5.943876196684444e-06,5.943876196684444e-06,1.4013455048286813e-05,2.6193872629652245e-05,4.1725346975343146e-06,1.8572846375346095e-05,Back arc basin,basaltic,Pliocene,Cretaceous,1
0,11.773946762084961,5.82306893193163e-06,4.331909472197169e-05,5.037356913817349e-06,5.037356913817349e-06,1.100849436705051e-05,2.1619881117412923e-05,2.409566834103316e-06,1.877547966586912e-05,Back arc basin,basaltic,Pliocene,Cretaceous,1
0,11.134939396205144,5.654854399560633e-06,5.9275586473406884e-05,5.045650594418086e-06,5.045650594418086e-06,1.1175068948312938e-05,3.833041077829339e-05,2.4419933071193703e-06,3.358234222391973e-05,Back arc basin,basaltic,Pliocene,Cretaceous,1
-1,8.283192798974152,5.204577973927371e-06,2.4999569983747408e-05,4.9776467676565525e-06,4.9776467676565525e-06,2.196752953765837e-05,5.328385527839479e-06,2.2277125506661832e-06,8.567480269854066e-06,Horomaka,"basaltic & rudaceous (cgl, br)",Miocene,Cretaceous,1
0,10.607851488096859,5.693468150276067e-06,5.682559403882209e-05,5.64605368727635e-06,5.64605368727635e-06,1.4795042261539496e-05,3.694027618436879e-05,3.7085492542764e-06,2.5848893474593146e-05,Arc,andesitic & basaltic,Pliocene,Cretaceous,1
0,10.341840379814283,5.642326783280075e-06,5.038915336033451e-05,5.057147347345125e-06,5.057147347345125e-06,7.085539436957333e-06,2.865300832651529e-05,2.4566676150527274e-06,2.5906504175689762e-05,Arc,basaltic,Pliocene,Cretaceous,1
-1,10.805344550108028,5.699175459324965e-06,2.425674802359056e-05,5.024490322539784e-06,5.024490322539784e-06,7.61167197009076e-06,9.698040997733108e-06,2.294609130602508e-06,6.200214800435692e-06,Arc,"arenaceous (sst) & rudaceous (cgl, br)",Pliocene,Cretaceous,1
-1,10.922928374398815,5.7313087305590305e-06,1.9942009895495976e-05,5.027846887866979e-06,5.027846887866979e-06,6.516502543989535e-06,7.883325213447056e-06,2.3735084146249808e-06,5.365963992686423e-06,Arc,rhyolitic & andesitic,Pliocene,Cretaceous,1
-1,0.5968617071790836,3.5524088498830885e-06,2.0336731456730912e-05,4.571947961592405e-06,4.571947961592405e-06,3.774768174480414e-06,8.369705150591639e-06,4.163085009636077e-07,9.320179679371027e-06,Arc,granitic & retrograde/altered & calcareous,Pliocene,Cretaceous,1
0,7.663403889709554,5.166871047338536e-06,5.271880491829926e-05,5.0297413851026265e-06,5.0297413851026265e-06,9.107245178608028e-06,2.296812332882012e-05,2.3686237080497383e-06,2.4016610268571312e-05,Arc,andesitic,Pliocene,Cretaceous,1
-1,10.805344550108028,5.699175459324965e-06,2.425674802359056e-05,5.024490322539784e-06,5.024490322539784e-06,7.61167197009076e-06,9.698040997733108e-06,2.294609130602508e-06,6.200214800435692e-06,Arc,"basaltic & rudaceous (cgl, br)",Pliocene,Cretaceous,1
-1,10.874051094055176,5.737600531574572e-06,2.4468166028054555e-05,5.035382400819799e-06,5.035382400819799e-06,6.5714566517272024e-06,9.544554137984367e-06,2.395004907157272e-06,6.282277494780773e-06,Arc,andesitic & basaltic,Pliocene,Cretaceous,1
-1,0.5968617071790836,3.5524088498830885e-06,2.0336731456730912e-05,4.571947961592405e-06,4.571947961592405e-06,3.774768174480414e-06,8.369705150591639e-06,4.163085009636077e-07,9.320179679371027e-06,Arc,trachytic & andesitic,Pliocene,Cretaceous,1
-1,17.190906524658207,6.594471415155566e-06,2.6067180929570692e-05,8.283604984171689e-06,8.283604984171689e-06,2.5176991872771905e-05,7.581799528278775e-06,5.246565723791719e-06,2.3033769095377133e-06,Horomaka,basaltic,Miocene,Miocene,1
0,4.2286152839660645,4.754328074341173e-06,2.475764208224767e-05,5.045143552706577e-06,5.045143552706577e-06,6.163201305753319e-06,4.79452812926933e-06,2.4251307826489208e-06,7.570676193516806e-06,Horomaka,basaltic,Miocene,Cretaceous,1
0,10.14436205770348,5.60022933107534e-06,2.3830139135996843e-05,5.001732726177726e-06,5.001732726177726e-06,3.774768174480414e-06,1.0035424886941622e-05,2.2191392441300557e-06,9.027839357812802e-06,Back arc basin,"basaltic & rudaceous (cgl, br)",Pliocene,Cretaceous,1
0,9.619650715796316,5.607858382119941e-06,2.0620471767918123e-05,5.041595431619593e-06,5.041595431619593e-06,1.3997059795656241e-05,8.344048025729201e-06,2.41497844690457e-06,8.109737309626112e-06,Arc,"basaltic & rudaceous (cgl, br)",Pliocene,Cretaceous,1
0,9.619650715796316,5.607858382119941e-06,2.0620471767918123e-05,5.041595431619593e-06,5.041595431619593e-06,1.3997059795656241e-05,8.344048025729201e-06,2.41497844690457e-06,8.109737309626112e-06,Arc,"basaltic & rudaceous (cgl, br)",Pliocene,Cretaceous,1
0,32.219886266383,7.227384144320673e-06,3.396629721068761e-05,4.870758890107343e-06,4.870758890107343e-06,2.035963916569017e-05,2.168351524793444e-05,1.7347924470826858e-06,1.4752612127483611e-05,Tasmantid,"basaltic & rudaceous (cgl, br)",Miocene,Miocene,1
0,4.731943130493163,3.992862350270658e-06,4.358937932441231e-05,4.480865931194102e-06,4.480865931194102e-06,6.790833734922671e-06,1.4829414991583017e-05,4.043673231183161e-07,1.8272034160465977e-05,Arc,andesitic & lava flow,Quaternary,Eocene,1
-1,12.497660636901855,6.200193928794713e-06,2.7041109293492467e-05,7.741557892305902e-06,7.741557892305902e-06,2.2113315935712308e-05,7.134075307866379e-06,5.166559240080737e-06,2.4281242503121826e-06,Horomaka,basaltic,Miocene,Miocene,1
-1,3.504535706044357,4.446030743565643e-06,2.0872891010303336e-05,5.191705440665828e-06,5.191705440665828e-06,4.877858994987826e-06,4.214033859240444e-06,2.8225061250850563e-06,6.203418115159453e-06,Horomaka,basaltic,Miocene,Cretaceous,1
-1,13.84286278206596,6.295335424510995e-06,2.9028533134850293e-05,7.806574103597086e-06,7.806574103597086e-06,1.955140408669814e-05,7.808399884546719e-06,5.189399188384414e-06,3.2649617353299374e-06,Horomaka,trachytic & andesitic & basaltic,Miocene,Miocene,1
-1,26.578530812168093,6.76221588946646e-06,3.8576347754511295e-05,8.653358236188069e-06,8.653358236188069e-06,1.0347964112773068e-05,2.5492272671232252e-05,5.278362846001983e-06,1.686810056188867e-05,LIP,basaltic,Pliocene,Cretaceous,1
-1,10.504395484924318,6.161405634136525e-06,2.586703346643155e-05,7.943209429576222e-06,7.943209429576222e-06,1.9004872228833847e-05,6.081675570503562e-06,5.214863026503159e-06,5.1424909552801974e-06,Horomaka,basaltic,Miocene,Miocene,1
-1,55.95714569091797,8.598229214840103e-06,2.6113283719128505e-05,1.2424772648955695e-05,1.2424772648955695e-05,4.60152159575955e-06,1.4919348018033813e-05,5.514267273247242e-06,5.186454896626162e-05,Horomaka,basaltic,Quaternary,Paleocene,1
-1,18.404913207941963,5.838101361773972e-06,6.266528206256235e-05,5.920956000399435e-06,5.920956000399435e-06,1.485610743073555e-05,5.711970432262913e-05,3.576327368816237e-06,6.073684060364447e-05,Arc,"basaltic & rudaceous (cgl, br)",Eocene,Eocene,1
-1,2.6235741040467486,4.433874517479196e-06,3.04268715267354e-05,9.283384550713573e-06,9.283384550713573e-06,1.1949766303587241e-05,2.0607813500480616e-05,5.030694519103054e-06,3.311280272428647e-05,Back arc basin,basaltic & lutaceous (mst),Miocene,Cretaceous,1
0,3.111923279635146,4.505739070737036e-06,3.30226370202593e-05,7.493112207157538e-06,7.493112207157538e-06,1.7090716937673278e-05,1.6793264067037134e-05,5.123756406828762e-06,3.669424187040452e-05,Back arc basin,basaltic,Miocene,Cretaceous,1
-1,14.189574318636966,6.3573328649027015e-06,9.185565462748684e-05,4.621496557822386e-06,4.621496557822386e-06,1.5896336862741316e-05,0.00012266059266289022,9.463069136809744e-07,5.240995743420419e-05,Te Raupua,basaltic,Oligocene,Oligocene,1
0,4.595239639282227,7.105836459802718e-06,9.533712643209929e-05,4.360116786811862e-06,4.360116786811862e-06,1.5958114090608433e-05,0.00012698662511350292,6.511110241919531e-08,5.0119983125348857e-05,Allochthon,basaltic,Miocene,Cretaceous,1
0,14.879534285407647,6.38036943721006e-06,9.193846302026628e-05,4.613452115503616e-06,4.613452115503616e-06,1.590170119105676e-05,0.00012286263661829874,9.191864948060531e-07,5.250444902643538e-05,Te Raupua,basaltic,Oligocene,Oligocene,1
0,24.24180793620718,7.0181716511429095e-06,8.871871888188372e-05,5.3595857983764086e-06,5.3595857983764086e-06,1.1106217821250168e-05,5.993136756735139e-05,3.193547905340722e-06,5.5189434662363255e-05,Arc,basaltic,Miocene,Cretaceous,1
0,3.0,5.240729183077939e-06,0.000104187742767643,4.75979557889561e-06,4.75979557889561e-06,1.6446740119135942e-05,7.565990627219535e-05,1.224462303848743e-06,0.00024115871526420108,Horomaka,basaltic & lava flow,Miocene,Cretaceous,1
-1,24.781708353487677,6.979851173912218e-06,9.283942225370761e-05,5.2132119491377965e-06,5.2132119491377965e-06,1.1086812264693435e-05,6.337120017886035e-05,2.854602597536557e-06,4.64319126557104e-05,Arc,basaltic,Miocene,Cretaceous,1
0,19.250290759501016,6.792523120413924e-06,1.8565800153711473e-05,5.239437490893934e-06,5.239437490893934e-06,1.1280319995421449e-05,1.2671519094358853e-05,2.875964127959418e-06,1.169650484536463e-05,Arc,basaltic,Miocene,Cretaceous,1
-1,18.929487228393555,6.742208370269509e-06,8.651696796950587e-06,7.518945949414046e-06,7.518945949414046e-06,1.5593896023347046e-05,4.712970506121818e-06,5.127120995894075e-06,2.4109140246862217e-06,Horomaka,basaltic,Miocene,Miocene,1
-1,13.892972946166992,6.6241755812544685e-06,0.00010677923506575273,6.176266877887944e-06,6.176266877887944e-06,1.1690911834594624e-05,5.506908201318716e-05,4.447265518354513e-06,8.373124890107313e-05,Arc,basaltic,Miocene,Cretaceous,1
0,19.17207908630371,6.664477950835135e-06,0.00013414184034229217,5.6476692407159135e-06,5.6476692407159135e-06,1.1258372069278266e-05,8.056341880841252e-05,3.7239741533994684e-06,8.132845862472712e-05,Back arc basin,"basaltic & Fe, Mn",Pliocene,Cretaceous,1
-1,2.198452578614268,4.763303051376984e-06,6.512616633533808e-05,2.2324408068499966e-05,2.2324408068499966e-05,4.564805749396329e-06,3.7320238500728005e-05,5.576360819420507e-06,4.3601426544783115e-05,Back arc basin,basaltic,Pliocene,Cretaceous,1
-1,25.656007293065823,6.754706191713922e-06,6.0834345733395445e-05,5.578205673373304e-06,5.578205673373304e-06,1.0793226465466432e-05,1.0290588980538541e-05,3.6249421536922463e-06,9.693949360829836e-05,Horomaka,basaltic,Pliocene,Oligocene,1
0,1.4999873460755786,3.533859447280432e-06,7.040587376644613e-05,1.00192612193269e-05,1.00192612193269e-05,1.993983914871933e-06,3.7015011521269924e-05,5.385804607923228e-06,5.943900395626355e-05,Back arc basin,basaltic & hypabyssal: basic,Pliocene,Cretaceous,1
0,36.8928108215332,7.681555195975856e-06,2.140059181235421e-05,6.23516879521521e-06,6.23516879521521e-06,8.914628760578772e-06,6.02015482822304e-06,4.84058810785139e-06,3.124114362545169e-05,Te Raupua,basaltic,Miocene,Cretaceous,1
-1,9.681650362684929,6.012154471793417e-06,1.7714249920419368e-05,5.164385092070736e-06,5.164385092070736e-06,1.1343558981025128e-05,6.3681311252114645e-06,2.721670458357388e-06,6.01795983529481e-06,Back arc basin,basaltic,Miocene,Cretaceous,1
0,2.7520393894116166,4.951772679417643e-06,0.00010792875486135413,4.794771444008935e-06,4.794771444008935e-06,6.86801898058898e-06,2.267435186245986e-05,3.620187368638026e-07,2.563995996509974e-05,Back arc basin,basaltic,Eocene,Eocene,1
0,13.0,6.19774664301076e-06,7.446489972400222e-05,6.699808025355422e-06,6.699808025355422e-06,1.0880006811930796e-05,3.798500856430644e-05,4.952387255616487e-06,4.693931253477499e-05,Arc,rhyolitic & siliceous,Miocene,Cretaceous,1
0,30.291301926270904,7.580207704832846e-06,3.30117304035533e-05,5.619736793407599e-06,5.619736793407599e-06,4.9423647396906745e-06,1.0745761686908077e-05,3.6919964841836824e-06,5.8194600567792124e-05,Horomaka,basaltic & hypabyssal: basic,Cretaceous,Cretaceous,1
0,26.72596769509923,7.703261871938594e-06,1.590387721414588e-05,5.972549843136221e-06,5.972549843136221e-06,8.06982734502526e-06,3.4298013957507146e-06,4.1784337023273115e-06,1.426929397411207e-05,Horomaka,basaltic,Eocene,Paleocene,1
0,23.60880470275879,7.3649809131234435e-06,1.4060010814591367e-05,4.962710370999115e-06,4.962710370999115e-06,4.930602699459996e-06,5.885461088401831e-06,2.089551425043487e-06,8.744015609133655e-06,Horomaka,andesitic & altered volcanic,Cretaceous,Permian,1
-1,25.536685732726674,7.560091966624031e-06,2.879674910083836e-05,6.7260939234532125e-06,6.7260939234532125e-06,8.005568088327916e-06,1.4951234986318979e-05,4.977616979401404e-06,5.497392745445979e-05,Allochthon,basaltic & lava flow,Miocene,Cretaceous,1
-1,25.262193844375524,7.809619091858623e-06,1.5701713891758118e-05,5.7796323744696565e-06,5.7796323744696565e-06,7.5352590381070035e-06,4.477616585063514e-06,3.931542905047537e-06,1.4645660130145084e-05,Te Raupua,basaltic,Miocene,Cretaceous,1
0,24.21960323861123,7.710502869520363e-06,1.5061319204138174e-05,5.5133405949859395e-06,5.5133405949859395e-06,6.8667000050481874e-06,5.519983839682233e-06,3.4961648310567483e-06,1.8528289049275786e-05,Horomaka,basaltic & hypabyssal: basic,Cretaceous,Cretaceous,1
0,24.12772698555349,7.738196275908017e-06,8.519031406816949e-06,5.855117947890876e-06,5.855117947890876e-06,6.592087632267883e-06,2.3686653269278717e-06,4.046000111841968e-06,8.732357538048542e-06,Horomaka,basaltic & hypabyssal: basic,Cretaceous,Cretaceous,1
0,20.346681702331587,7.58759850764301e-06,2.1878165642592886e-05,6.7296992905203974e-06,6.7296992905203974e-06,7.66689749176713e-06,9.29205181921635e-06,4.9762959359213705e-06,0.001425821455494946,Allochthon,basaltic & lava flow,Miocene,Cretaceous,1
-1,17.92152214050293,7.4588660936569795e-06,3.125294478892904e-05,6.8435929279075935e-06,6.8435929279075935e-06,7.191559689090355e-06,2.6372659725614546e-05,5.008185072802008e-06,7.029975189351666e-05,Horomaka,basaltic,Cretaceous,Cretaceous,1
0,10.555217538614473,6.674111704188201e-06,2.24052757990124e-05,5.474258187252493e-06,5.474258187252493e-06,6.758183658264765e-06,6.695817692057749e-06,3.410297747081472e-06,2.505737332622273e-06,Horomaka,hypabyssal: basic & dioritic,Cretaceous,Cretaceous,1
0,9.702797626236988,6.490986379503738e-06,2.433117385547401e-05,5.564629645959941e-06,5.564629645959941e-06,6.626933571693612e-06,6.478840404551542e-06,3.6172428866848352e-06,7.717894999888485e-06,Horomaka,hypabyssal: acid & granitic,Cretaceous,Cretaceous,1
-1,10.85069179534912,6.662110271538143e-06,2.7783522776345703e-05,5.925585060414951e-06,5.925585060414951e-06,6.218809583582227e-06,6.806665409770952e-06,4.160509419031552e-06,1.4112499465000629e-05,Horomaka,hypabyssal: acid & granitic,Cretaceous,Cretaceous,1
-1,0.009999999776482582,-7.09928144715377e-07,2.035420497947608e-05,6.708703949698248e-06,6.708703949698248e-06,1.6783046064006154e-08,1.7156044501768796e-05,4.9773105187341565e-06,3.350104284683998e-06,Horomaka,basaltic & lamprophyric & hypabyssal: basic,Cretaceous,Cretaceous,1
0,21.504661079270157,5.8130163905800825e-06,2.278760715125645e-05,6.5564994393249074e-06,6.5564994393249074e-06,2.786111633380586e-05,1.824445908638149e-05,4.105368673669236e-06,5.1181446557977535e-06,Arc,basaltic,Miocene,Cretaceous,0
0,21.82998275756836,6.3451384448853796e-06,4.329188272354697e-05,5.136347226653015e-06,5.136347226653015e-06,2.917673191404901e-05,9.267487290043932e-05,2.6806636946275826e-06,1.58906865900771e-05,Horomaka,basaltic,Eocene,Paleocene,0
-1,38.27313282549802,7.544097972606641e-06,1.9621477276080705e-05,5.665499341625338e-06,5.665499341625338e-06,2.6415840217344394e-05,1.3250652425506176e-05,3.7694288275564315e-06,2.566216398150888e-06,Tasmantid,"basaltic & rudaceous (cgl, br)",Pliocene,Miocene,0
0,15.132984161376953,6.0959359871048954e-06,4.276411233712854e-05,4.8776587391330395e-06,4.8776587391330395e-06,2.5326304239570167e-05,6.254768233413837e-05,1.8902626703493298e-06,0.06725894045966019,Horomaka,basaltic,Pliocene,Pliocene,0
0,6.881593227543178,5.238833591279449e-06,2.4249748262158365e-05,7.1835068528971085e-06,7.1835068528971085e-06,2.8345307498439692e-05,2.3864191471652593e-05,5.063983009745913e-06,7.3725282152328296e-06,Arc,basaltic,Miocene,Cretaceous,0
-1,18.721710205078125,6.513762855320238e-06,2.3648931359490217e-05,7.629691026522776e-06,7.629691026522776e-06,2.833594689722221e-05,6.2728701156764725e-06,5.161844426766038e-06,5.316738066813761e-06,Horomaka,basaltic,Miocene,Miocene,0
0,22.79939270019531,6.919198312971275e-06,2.243438666482689e-05,8.374930075660814e-06,8.374930075660814e-06,2.574380709513739e-05,6.061976932869584e-06,5.249524721875787e-06,8.136656735016839e-07,Horomaka,trachytic & andesitic & basaltic,Miocene,Miocene,0
0,5.0420799255371085,5.035853481570169e-06,2.1143213523570262e-05,5.074067958053741e-06,5.074067958053741e-06,6.469778571326972e-06,5.298456683091392e-06,2.504038921257261e-06,2.63092446584984e-05,Horomaka,basaltic,Pliocene,Pliocene,0
-1,3.9615297490225614,4.8326952032123046e-06,2.380402488699525e-05,5.078732318335849e-06,5.078732318335849e-06,4.65193807031028e-06,6.900229121190088e-06,2.5121786657889047e-06,2.9821850158029687e-05,Horomaka,basaltic,Pliocene,Pliocene,0
-1,3.0425434848453152,4.519061190928421e-06,3.1002774655796065e-05,5.084784030463774e-06,5.084784030463774e-06,2.350782828058953e-06,1.0308667261247997e-05,2.5325081848293536e-06,1.4545221692522925e-05,Horomaka,basaltic & pyroclastic rock,Pliocene,Cretaceous,0
-1,3.4334859928591164,4.657792872297457e-06,2.8218108836444197e-05,5.041205129630053e-06,5.041205129630053e-06,2.5762783479876816e-06,6.008699305594517e-06,2.4068340891972184e-06,1.0564482613442224e-05,Arc,"arenaceous (sst) & rudaceous (cgl, br)",Pliocene,Cretaceous,0
0,2.4499537075854523,4.3055932308887715e-06,3.113004451649284e-05,5.04226065307701e-06,5.04226065307701e-06,1.7902958941746059e-06,9.028708171732209e-06,2.4031265944483896e-06,6.602383052432476e-05,Arc,basaltic,Pliocene,Cretaceous,0
-1,0.2676803469657898,2.3458901523554228e-06,3.3333183920603324e-05,5.0137919060944105e-06,5.0137919060944105e-06,6.137306172604441e-06,1.0554336631793583e-05,2.332965075038374e-06,2.664998055153138e-05,Arc,basaltic,Pliocene,Cretaceous,0
0,20.848936080932614,6.737988769600634e-06,2.589890248868484e-05,7.526961780968123e-06,7.526961780968123e-06,1.1183976312167944e-05,6.012545719255552e-06,5.134309642016888e-06,1.2916738408134074e-05,Horomaka,basaltic & lamprophyric & hypabyssal: basic,Miocene,Cretaceous,0
-1,20.81887751816153,6.691142729171785e-06,3.4277703969811125e-05,4.9752216869164485e-06,4.9752216869164485e-06,1.4500180827547665e-05,1.0361501267298152e-05,2.167013246100936e-06,6.395033517975463e-06,Tasmantid,"basaltic & rudaceous (cgl, br)",Pliocene,Miocene,0
0,20.69846929140114,6.625767791023337e-06,6.654690361040908e-05,6.700344566439345e-06,6.700344566439345e-06,1.1770998753490858e-05,2.9295272747708238e-05,4.995109191278074e-06,3.6348868893942024e-05,Horomaka,basaltic,Pliocene,Pliocene,0
-1,1.3462908337096833,4.037306024196228e-06,2.366702968768193e-05,7.372179038650874e-06,7.372179038650874e-06,3.0588116715080105e-06,3.021978535113135e-05,4.991731316857797e-06,3.779260564882769e-06,MORB,basaltic,Pliocene,Cretaceous,0
0,24.25983238220215,6.7625333031173795e-06,2.845377731480013e-05,5.8774348872248075e-06,5.8774348872248075e-06,1.0101123770083126e-05,7.612480324748755e-06,4.077841085381806e-06,0.0002395697985102224,Horomaka,rhyolitic,Cretaceous,Cretaceous,0
-1,35.9852985340306,7.699455078666374e-06,2.045103543000518e-05,6.7589918028274924e-06,6.7589918028274924e-06,9.3282633315539e-06,5.9252432723007415e-06,5.010555588641985e-06,2.6183311946034962e-05,Allochthon,basaltic,Miocene,Cretaceous,0
-1,35.30157470703125,7.933245797175914e-06,2.0566363555690035e-05,6.9212287598929825e-06,6.9212287598929825e-06,9.737087566463744e-06,5.2353118517083e-06,5.036010430194438e-06,2.501707888843483e-05,Horomaka,basanitic,Quaternary,Quaternary,0
0,37.8116109615201,8.249775685080222e-06,6.685506409381269e-05,5.778412643627853e-06,5.778412643627853e-06,4.1341675285325424e-06,3.0404298053910785e-05,3.959193325127219e-06,3.186211398892213e-05,Horomaka,basaltic,Pliocene,Pliocene,0
-1,4.749657747419674,5.49805066149247e-06,0.00010326862865478688,4.753452114411008e-06,4.753452114411008e-06,9.76376213657204e-06,2.7002349145935626e-05,7.842106801077361e-07,2.79489386098761e-05,Back arc basin,basaltic,Eocene,Eocene,0
-1,33.272171020507805,7.704243052713079e-06,1.720834438814336e-05,6.80771602658039e-06,6.80771602658039e-06,1.0517387636355124e-05,4.385928436485144e-06,5.022080603354818e-06,2.313870403614324e-05,Horomaka,basaltic,Quaternary,Quaternary,0
-1,33.21042036596343,7.645480881074265e-06,2.0856165126590907e-05,7.021834447489806e-06,7.021834447489806e-06,1.0474020200490486e-05,5.957887276656142e-06,5.04445277620107e-06,2.78707100250078e-05,Horomaka,basaltic,Quaternary,Quaternary,0
0,32.80434685043004,7.869892589164462e-06,2.2728146323156672e-05,6.433340014598422e-06,6.433340014598422e-06,1.0572251085250173e-05,6.347461898922043e-06,4.9131670564015366e-06,0.00011294789162503891,Horomaka,basaltic,Pliocene,Pliocene,0
0,30.404231785777768,7.472239670292386e-06,2.4019090123320904e-05,6.755938102433473e-06,6.755938102433473e-06,1.1360231837898027e-05,4.426938563029123e-06,4.995892147755048e-06,3.872029343567075e-05,Arc,basaltic,Miocene,Miocene,0
0,33.75893783569336,7.932916560093872e-06,1.8081139845775275e-05,6.369347829604521e-06,6.369347829604521e-06,1.0572251085250173e-05,4.69966036821e-06,4.896954167634249e-06,3.820076780796645e-05,Arc,basaltic,Miocene,Miocene,0
-1,19.173311233520508,6.4617218717724624e-06,2.262671977220081e-05,6.651202613964422e-06,6.651202613964422e-06,9.482238811010268e-06,5.656355568381547e-06,4.955954034812749e-06,1.5274567170124867e-05,Back arc basin,basaltic,Pliocene,Cretaceous,0
-1,35.58730697631836,8.198368959710933e-06,3.6839768959082706e-05,6.721233148709871e-06,6.721233148709871e-06,2.023150045715738e-06,9.707961705721518e-06,4.985453514382244e-06,0.00012905435503896104,Horomaka,granitic,Cretaceous,Cretaceous,0
0,31.27750015258789,7.794765224389266e-06,2.252576587294208e-05,7.5314860623620925e-06,7.5314860623620925e-06,1.1393376553314736e-05,6.330098393265459e-06,5.134000908583403e-06,3.056073401071784e-05,Horomaka,basaltic,Quaternary,Quaternary,0
-1,31.27750015258789,7.794765224389266e-06,2.3400686135815986e-05,7.5314860623620925e-06,7.5314860623620925e-06,1.2080098713340705e-05,6.379829644861217e-06,5.134000908583403e-06,2.7685298794666882e-05,Horomaka,trachytic & andesitic,Quaternary,Quaternary,0
0,16.295397564304288,6.344820696469415e-06,6.666990135383451e-05,6.091168107249125e-06,6.091168107249125e-06,1.0517152968947856e-05,3.098837940858321e-05,4.355265011119557e-06,0.00013000802487779146,Horomaka,"basaltic & rudaceous (cgl, br)",Pliocene,Cretaceous,0
0,33.57518290518097,8.037910447455941e-06,3.068598535954102e-05,6.7208620748715475e-06,6.7208620748715475e-06,1.0676621156412616e-05,8.278364426293515e-06,4.98647172935307e-06,0.0007031281948665375,Allochthon,basaltic & lava flow,Miocene,Cretaceous,0
-1,29.362534388764434,7.721790241674313e-06,2.460587074892828e-05,6.463446748577076e-06,6.463446748577076e-06,8.858955372748319e-06,7.68768541092868e-06,4.906070659368032e-06,0.0025704835395297136,Whakaari,basaltic,Miocene,Miocene,0
0,30.55347821611665,7.757568710076159e-06,2.451695391585217e-05,6.425243554986081e-06,6.425243554986081e-06,8.644619814729093e-06,7.68768541092868e-06,4.893430066294968e-06,0.0011811463648893116,Allochthon,andesitic,Miocene,Cretaceous,0
-1,28.140438079833984,7.462670389858217e-06,1.9007789271438668e-05,6.904388852973303e-06,6.904388852973303e-06,1.2250135114300066e-05,5.057820251446207e-06,5.0077494421293215e-06,2.6263679528370733e-05,Horomaka,trachytic & andesitic,Quaternary,Quaternary,0
0,29.043421403462716,7.674893822695596e-06,2.036197135877249e-05,7.536886187153868e-06,7.536886187153868e-06,9.00396571523743e-06,5.323447533816213e-06,5.124151706695558e-06,2.8592800057020454e-05,Whakaari,rhyolitic & trachytic & lava flow,Quaternary,Quaternary,0
0,27.82780265808105,7.611381998285301e-06,2.30934362426042e-05,6.847221205892479e-06,6.847221205892479e-06,9.531407158647197e-06,5.412917834146098e-06,5.01262978650764e-06,3.0470363212908797e-05,Horomaka,basaltic,Quaternary,Quaternary,0
-1,29.603587082732677,7.640200237801764e-06,1.6806585467781814e-05,6.9440625338756945e-06,6.9440625338756945e-06,9.444967872695996e-06,4.3946065821066234e-06,5.041040061041713e-06,2.0736867545540214e-05,Horomaka,basaltic,Pliocene,Pliocene,0
0,30.31575892697748,8.006508053633652e-06,1.6154359624387454e-05,5.892809734550855e-06,5.892809734550855e-06,8.454080671072006e-06,4.000204644768703e-06,4.080681554161827e-06,1.3937476199147274e-05,Horomaka,rhyolitic,Cretaceous,Cretaceous,0
-1,29.406652450561534,7.894207923899389e-06,3.271139998581433e-05,6.720844781494216e-06,6.720844781494216e-06,9.62417198024923e-06,1.4816003181060794e-05,4.981859494000674e-06,0.00042289997120907824,Allochthon,basaltic & lava flow,Miocene,Cretaceous,0
-1,29.61911201477051,7.939649384747974e-06,6.811771375834602e-05,6.048583671058731e-06,6.048583671058731e-06,3.870919885483345e-06,1.8311295168486097e-05,4.3910072109937065e-06,0.00019867481285163038,Horomaka,rhyolitic,Cretaceous,Cretaceous,0
0,18.026316794292114,6.890110292624995e-06,1.56110395694694e-05,5.522518166203121e-06,5.522518166203121e-06,7.764191320848316e-06,5.397098052295305e-06,3.5101853311061867e-06,1.9543420073768246e-05,BABB,basaltic,Quaternary,Paleocene,0
0,21.334154161380447,7.588385212631242e-06,4.253981866736663e-05,6.025950792404785e-06,6.025950792404785e-06,1.9185326891602017e-06,2.8919290768625237e-05,3.516017400820752e-06,1.1256474517355478e-05,Horomaka,lamprophyric & hypabyssal: basic,Miocene,Cretaceous,0
-1,23.771195170020967,7.570979937787091e-06,3.5793443086721726e-05,6.774816180758188e-06,6.774816180758188e-06,7.569162729811404e-06,9.124342254288213e-06,4.990067579248461e-06,1.2729475287172345e-05,Horomaka,basaltic,Quaternary,Quaternary,0
-1,23.80983161926269,7.803775036743879e-06,3.199410292207095e-05,6.726162134100136e-06,6.726162134100136e-06,7.790143184987155e-06,1.4077677951208773e-05,4.983669822104276e-06,0.002068752402396693,Whakaari,basaltic,Quaternary,Quaternary,0
0,23.618377911859113,7.530818721175035e-06,3.902241756862929e-05,6.9348432889639756e-06,6.9348432889639756e-06,7.789959454385096e-06,9.474547742635961e-06,5.03003747231258e-06,7.638687193627967e-06,Horomaka,trachytic & andesitic,Quaternary,Quaternary,0
-1,22.9270674373848,7.759014806651974e-06,4.405878528623207e-05,6.744166057615075e-06,6.744166057615075e-06,7.62700099674942e-06,1.1676026786214526e-05,4.980279505252839e-06,2.1646696568275302e-05,Horomaka,basaltic,Quaternary,Quaternary,0
0,2.029835975318025,4.429031826104544e-06,2.720574809346185e-05,4.804810476613294e-06,4.804810476613294e-06,4.277145889772572e-06,2.010894784705516e-05,4.102723672143847e-08,7.266670518003551e-06,Back arc basin,basaltic,Miocene,Cretaceous,0
-1,19.99080467224121,7.421420107219838e-06,4.088327196841839e-05,6.999743668745263e-06,6.999743668745263e-06,6.225763627298875e-06,1.0500228740085247e-05,5.042076436802745e-06,1.64357400366418e-05,Horomaka,trachytic & andesitic,Quaternary,Quaternary,0
-1,17.57399390901774,7.334169397068417e-06,2.8937562892058618e-05,7.529971352791879e-06,7.529971352791879e-06,8.25643292046152e-06,6.741866706980192e-06,5.132370674982666e-06,1.4351134306905434e-05,Horomaka,basaltic,Quaternary,Quaternary,0
-1,0.21578417718410486,1.381504262099043e-06,3.4590358532188156e-05,5.590450200543273e-06,5.590450200543273e-06,1.6783046064006154e-08,1.0356994310670378e-05,3.642261493951082e-06,1.7648364762216767e-05,Tasmantid,"basaltic & rudaceous (cgl, br)",Miocene,Miocene,0
-1,13.237140558749106,6.769219463614087e-06,2.2125778594782243e-05,6.604873670304306e-06,6.604873670304306e-06,6.974853022256868e-06,4.65111967358566e-06,4.947373061440886e-06,7.615489759798918e-06,Horomaka,basaltic,Quaternary,Paleocene,0
-1,7.2975319922700415,5.80501507314022e-06,5.702322328402949e-05,5.804193298800696e-06,5.804193298800696e-06,8.112240720947739e-06,8.16825506593387e-06,4.002577949525807e-06,1.456504953302694e-05,Lord Howe,basaltic,Pliocene,Miocene,0
0,16.99319839477539,7.43999407859519e-06,3.1096555275962704e-05,6.111706625233637e-06,6.111706625233637e-06,3.81984273190028e-06,1.3816264238208169e-05,4.41819396801293e-06,0.00013369080643457984,Horomaka,andesitic,Pliocene,Cretaceous,0
-1,5.282670123806085,5.1832957250839635e-06,1.2913052799019708e-05,7.580923420401988e-06,7.580923420401988e-06,5.75919369583907e-06,7.5770241117438935e-06,5.139895063068619e-06,3.413454079062644e-06,Horomaka,basaltic,Quaternary,Quaternary,0
-1,7.049901008605957,5.882403911527945e-06,4.236416345455503e-05,6.782402124372312e-06,6.782402124372312e-06,5.151046480023069e-06,2.6301495608270435e-05,5.012725875712932e-06,1.2957013845698312e-05,Horomaka,andesitic & basaltic,Pliocene,Pliocene,0
-1,12.361993789672852,6.893304998811798e-06,4.647486112245385e-06,6.896080776641611e-06,6.896080776641611e-06,6.311740435194224e-06,1.053520704876274e-06,5.0109966658055775e-06,2.0440002057908192e-06,Horomaka,peralkaline,Quaternary,Quaternary,0
-1,7.328930539112403,5.954892842445174e-06,4.287831166313333e-05,7.113244313031894e-06,7.113244313031894e-06,7.667613317607902e-06,2.7218004917560878e-05,5.0568797295403895e-06,1.2057089191529518e-05,Horomaka,basanitic,Pliocene,Pliocene,0
-1,8.099274448964977,6.346621945530479e-06,2.212278441805096e-05,6.512754055152721e-06,6.512754055152721e-06,6.5188023654627605e-06,7.847527284930341e-06,4.939911915609663e-06,1.662573048645367e-06,Horomaka,basaltic,Quaternary,Quaternary,0
0,8.219310442767792,6.560788278875408e-06,4.382876545248248e-05,6.993821898504393e-06,6.993821898504393e-06,5.959771897323662e-06,2.9605732926677003e-05,5.03854900598526e-06,1.0848072363515992e-05,Horomaka,basanitic,Quaternary,Quaternary,0
-1,8.83883367931941,6.697384414313407e-06,4.2794400691670426e-05,6.6754272274864335e-06,6.6754272274864335e-06,6.2230543833868145e-06,3.0147122036162532e-05,4.9501522677019246e-06,1.080193295153105e-05,Horomaka,basanitic,Pliocene,Pliocene,0
-1,8.77641773223877,6.560788278875408e-06,3.922367004717697e-05,6.993821898504393e-06,6.993821898504393e-06,5.959771897323662e-06,2.862460593594229e-05,5.03854900598526e-06,9.421098958452727e-06,Horomaka,basaltic,Pliocene,Pliocene,0
-1,7.925726000674659,6.462328267452565e-06,4.149665092245535e-05,7.163319281577022e-06,7.163319281577022e-06,5.771548785560299e-06,2.7936246562645312e-05,5.067107105734247e-06,1.0249229144420152e-05,Horomaka,basanitic,Quaternary,Quaternary,0
-1,7.068191622988018,6.062552351431285e-06,2.7951398602258317e-05,6.568087214655156e-06,6.568087214655156e-06,3.0229134608816817e-06,8.969695271521371e-06,4.9365398862263096e-06,4.234976935339426e-06,Horomaka,basaltic,Pliocene,Pliocene,0
0,6.616890907287598,6.290675601020199e-06,3.1523430959304257e-05,6.7299903866486015e-06,6.7299903866486015e-06,5.1178935791540425e-06,2.4310948836721615e-05,4.9569142208585546e-06,7.610141416321703e-06,Horomaka,trachytic & andesitic,Pliocene,Pliocene,0
0,6.9120521545410165,6.456062302250192e-06,2.7286912829769464e-05,6.839709316673885e-06,6.839709316673885e-06,4.426108634760443e-06,2.294396396218088e-05,5.0036035711286315e-06,5.665014309210027e-06,Horomaka,basaltic,Cretaceous,Cretaceous,0
-1,5.776264465826465,6.115240012150025e-06,3.1530608246942184e-05,6.803670657973271e-06,6.803670657973271e-06,4.420465302246157e-06,2.463091619392121e-05,5.008864286355675e-06,7.576625065416188e-06,Horomaka,basanitic,Pliocene,Pliocene,0
0,1.6575981378555298,4.57711848866893e-06,6.389282203303694e-05,6.492830380011582e-06,6.492830380011582e-06,1.5230356211759501e-06,4.6687582306373436e-06,4.920473601669074e-06,2.7411984020077385e-05,Lord Howe,basaltic,Pliocene,Miocene,0
-1,3.285086322723993,4.828879115128389e-06,1.2400253621018218e-05,7.025735585421801e-06,7.025735585421801e-06,3.614523480109349e-06,7.409261185479321e-06,5.044116196222603e-06,2.2834568685164204e-06,Horomaka,basanitic,Pliocene,Miocene,0
-1,8.33852481842041,6.8001972977072e-06,0.0002208593891969373,1.554761729494203e-05,1.554761729494203e-05,4.8112938202393715e-06,3.824021937196109e-07,5.6045742239803075e-06,3.815817091580133e-05,Tasmantid,"basaltic & rudaceous (cgl, br)",Pliocene,Miocene,0
-1,3.7535648081597537,5.143483121724382e-06,1.905964022561389e-05,6.8716165407832665e-06,6.8716165407832665e-06,3.584243131626863e-06,1.1476330240795849e-05,5.014619138091803e-06,5.143770621243277e-06,Whakaari,basaltic & lava flow,Miocene,Miocene,0
0,2.8896248448383584,5.264029823592863e-06,4.10084392106168e-05,6.920135547261453e-06,6.920135547261453e-06,9.642142231314208e-07,2.832029494017664e-05,5.038909194990993e-06,1.1134028611357687e-05,Horomaka,trachytic & andesitic,Quaternary,Quaternary,0
-1,2.947449207305908,5.311914244227662e-06,2.450323828733909e-05,6.799331519654085e-06,6.799331519654085e-06,9.642142231314208e-07,2.076304467954368e-05,4.988661042095388e-06,5.927447082378427e-06,Horomaka,basaltic,Pliocene,Pliocene,0
0,19.99925457069493,7.577500129906122e-06,3.005057971151547e-05,5.041657258254696e-06,5.041657258254696e-06,4.038359644038791e-06,1.607486425359939e-05,2.4229484760524023e-06,5.223653780080792e-05,Arc,basaltic & retrograde/altered,Miocene,Cretaceous,0
0,1.0518013387560312,4.119809397327616e-06,3.7993648217207647e-05,7.1694914055393675e-06,7.1694914055393675e-06,1.8149000112032279e-06,2.62043684406189e-05,5.096542462706566e-06,9.02715667861309e-06,Horomaka,basaltic,Quaternary,Quaternary,0
-1,0.009999999776482582,-7.09928144715377e-07,3.609720551522907e-05,7.4095678428420805e-06,7.4095678428420805e-06,1.6783046064006154e-08,2.6461225290867236e-05,5.124568799510597e-06,8.809843924477187e-06,Horomaka,basaltic,Quaternary,Quaternary,0
-1,2.3396158489909764,5.563741524383658e-06,0.00011734093692719663,5.1506058298400595e-06,5.1506058298400595e-06,2.538606622692896e-06,8.419582819027149e-05,2.6963337324559687e-06,6.224664792945843e-05,Back arc basin,basaltic,Miocene,Cretaceous,0
