Longitude,Latitude,ReconPlateID,ReconAge
169.12375961971108,-20.16886121017528,827.0,
155.23026788283482,-43.9509033544342,801.0,1.0
150.6051632920432,-50.222559184466455,801.0,1.0
166.89696495598403,-49.19684928918212,813.0,1.0
164.4204345312986,-12.049010023620104,861.0,1.0
174.25250827557988,-31.967252217815503,835.0,1.0
169.88371237433878,-11.196590459325565,824.0,1.0
148.90181353042956,-24.43773936168829,801.0,1.0
150.61970076530076,-41.60660670772257,801.0,1.0
160.76728908531754,-45.41639959520953,833.0,1.0
148.65183028586702,-28.864857381273733,801.0,1.0
172.82303595472843,-52.519201090076635,813.0,1.0
148.6138092248795,-40.42750930338085,850.0,1.0
157.82441168157513,-35.44178016364806,833.0,1.0
166.00883024237498,-11.66601326689917,827.0,1.0
174.53208497153733,-41.36154007458915,8064.0,1.0
152.20422362271836,-15.188947395429055,801.0,1.0
149.98254654614524,-49.537082127453715,852.0,1.0
149.60171323060874,-51.27510272532129,801.0,1.0
163.43476955068024,-36.52104022755625,833.0,1.0
160.98488403457984,-44.74296735430872,833.0,1.0
164.39020628064097,-22.899656869712853,869.0,1.0
164.55230557360625,-44.56762472609262,833.0,1.0
161.45268424101323,-49.80345025644023,801.0,1.0
150.54522439416968,-37.53483725599159,801.0,1.0
161.81185244270588,-28.10798126551478,869.0,1.0
165.8586005671829,-46.2970594960492,81315.0,1.0
150.75164246466218,-14.682888520679127,801.0,1.0
172.71338311387836,-44.23848175458208,813.0,1.0
163.72253882953228,-43.65912850329718,833.0,1.0
161.53970537953097,-37.413123547268846,833.0,1.0
172.13288681647046,-33.40851714142346,835.0,1.0
179.3761306883899,-45.26487026772896,901.0,1.0
151.0284385951231,-25.077915109050192,801.0,1.0
152.5267983867494,-39.51983387135572,801.0,1.0
155.91708987866173,-30.26391828441302,833.0,1.0
148.22808379096386,-19.55420068593529,801.0,1.0
154.1291555134537,-19.70542207263415,801.0,1.0
162.7641432340089,-41.829247440787746,833.0,1.0
155.1863888282092,-46.32740571849629,801.0,1.0
175.81765679678293,-32.21924943299222,835.0,1.0
174.3249632535721,-42.098406902597425,983.0,1.0
157.44359781193862,-29.557708916078674,884.0,1.0
154.8415481785613,-26.23620986786893,801.0,1.0
164.7550880779573,-28.413735908725208,869.0,1.0
161.08907686096688,-31.85342303829109,869.0,1.0
173.96597731260448,-41.45821197989372,8069.0,1.0
153.7588334808659,-26.678491601044048,801.0,1.0
163.59546503058442,-21.648805878420372,869.0,1.0
154.43148743544342,-30.720864059202494,801.0,1.0
169.21138246071524,-19.051532309852647,827.0,1.0
172.6641522321981,-25.7057478235002,835.0,1.0
164.59747519286856,-22.09042046114575,869.0,1.0
155.00596741198285,-11.198306729643477,836.0,1.0
161.95979601291114,-49.49837338604982,801.0,1.0
158.23846353608386,-17.442356039652957,860.0,1.0
157.3809483287561,-24.40422103174656,866.0,1.0
168.62743678089439,-38.52343988013196,868.0,1.0
154.4670591204686,-37.01882981328285,801.0,1.0
163.81947535045185,-41.57610964628944,833.0,1.0
170.99410471752464,-45.114370855978244,813.0,1.0
153.62815915877042,-26.793915341044077,801.0,1.0
165.83719538652056,-50.58499644994486,813.0,1.0
154.21697968095992,-33.375199775952055,833.0,1.0
159.36832732575118,-22.481687590353822,869.0,1.0
176.0338158350356,-26.742858846634263,839.0,1.0
166.94811453824653,-45.681903567760465,81315.0,1.0
159.42157592560838,-32.62734819604177,869.0,1.0
172.2235337829977,-52.49009651840482,813.0,1.0
161.16366260280859,-50.26413809801397,801.0,1.0
178.84952822461636,-44.572878136270745,813.0,1.0
175.2152003163789,-23.337962077304248,838.0,1.0
174.42080755965335,-17.197089743348116,824.0,1.0
163.42133702634402,-38.00971231345132,833.0,1.0
159.90912246299723,-50.08109215312832,801.0,1.0
167.3243458563257,-18.72306934044985,857.0,1.0
158.46530590273466,-44.53254154281827,833.0,1.0
167.7254434036393,-44.48653020533406,813.0,1.0
155.20410250566204,-40.23382974046913,801.0,1.0
168.68405047382618,-11.284803698613345,827.0,1.0
168.8365642677248,-13.108809892127853,857.0,1.0
176.25143414520798,-38.989357317825345,8064.0,1.0
159.9977756626127,-17.042575461823034,861.0,1.0
168.20514998814016,-13.797597207845747,857.0,1.0
163.7114529015412,-52.148432463863706,901.0,1.0
150.71366872275266,-19.084981760869084,801.0,1.0
177.48243539162118,-14.224230800241301,826.0,1.0
159.73087935642874,-41.766466809441695,833.0,1.0
162.51109504832345,-45.36752068169508,833.0,1.0
171.16522942114756,-46.29063644868253,813.0,1.0
174.3449181037206,-44.8679078495201,813.0,1.0
152.12736482197687,-47.072426620772724,801.0,1.0
162.22209955470694,-26.777415674141842,869.0,1.0
156.47398265831768,-20.69073991667189,890.0,1.0
171.88647781123777,-36.261321158445504,833.0,1.0
172.82872788225941,-46.12907048301045,813.0,1.0
163.6188794380569,-47.6680923943929,801.0,1.0
179.31384599900866,-22.831885056019534,839.0,1.0
173.9696318020156,-13.452985208357642,824.0,1.0
171.56242696495957,-51.88349120881262,813.0,1.0
156.1505550166555,-41.04350763108073,801.0,1.0
178.75018291979092,-35.61891892660074,823.0,1.0
159.7531390481761,-51.25168606065358,801.0,1.0
169.85821290945347,-31.143526246999997,834.0,1.0
163.596030874726,-41.5265210921924,833.0,1.0
153.14676509177534,-39.131989671460545,801.0,1.0
164.18257460008414,-18.516265697908466,844.0,1.0
148.80245552502726,-17.60001619567431,801.0,1.0
158.42810125896142,-27.43631267833161,883.0,1.0
163.37407219179198,-15.895919061820244,861.0,1.0
152.93936764212464,-41.795203782574326,801.0,1.0
176.69213019581258,-29.39392693885132,839.0,1.0
154.1572366928152,-24.063552407717037,801.0,1.0
177.01593231643955,-47.82458172538352,813.0,1.0
174.17758306470333,-50.49705607480213,813.0,1.0
164.56260883970302,-23.07918008484602,869.0,1.0
152.21989385614253,-39.71205296040973,801.0,2.0
151.63111684533166,-24.618731405743127,801.0,2.0
155.7856853091211,-17.758732991939443,890.0,2.0
179.0232555527673,-32.46754946811019,823.0,2.0
164.1325471878303,-37.65568192552708,833.0,2.0
164.62636943676068,-15.586420588453471,861.0,2.0
172.9183688147622,-32.076398092951734,835.0,2.0
159.11105049049337,-24.74809368528685,869.0,2.0
163.0470031859621,-37.16283374499951,833.0,2.0
160.01527857005266,-17.580159093647794,861.0,2.0
164.74917738776284,-16.78435765892987,857.0,2.0
168.51551676685082,-41.12420155381233,868.0,2.0
166.331567775097,-48.67065201070179,813.0,2.0
154.88573093698832,-25.09173433211367,801.0,2.0
154.73380269859126,-41.37169733959332,801.0,2.0
165.74771597376554,-41.972530416190466,833.0,2.0
150.98530557825907,-12.675906612853632,836.0,2.0
152.75585631304546,-32.18127541078991,801.0,2.0
156.08163252017297,-50.174419820373494,801.0,2.0
178.272866882075,-12.534161020422097,982.0,2.0
154.8068415817859,-33.47315121414188,833.0,2.0
178.69831823611878,-17.571128793492186,825.0,2.0
167.5611137540919,-16.20206699504591,827.0,2.0
150.12229497191657,-35.144474176101454,801.0,2.0
157.7405825847691,-33.691802538852514,833.0,2.0
164.66389916618206,-32.134481294136826,833.0,2.0
176.8237123252792,-44.58210432490017,813.0,2.0
174.98460355398953,-34.537236194923025,8065.0,2.0
163.24994687472156,-52.103618618560546,901.0,2.0
151.43537506448047,-41.48303185605604,801.0,2.0
149.29370976780982,-43.60195589657624,887.0,2.0
152.72588453941674,-38.06846303989319,801.0,2.0
154.96273068493082,-33.45182563445032,833.0,2.0
151.21667739370326,-23.918183002813148,801.0,2.0
150.54225918411169,-36.292094935295275,801.0,2.0
151.48949345889426,-14.415449655113854,801.0,2.0
150.4685122623745,-34.86727448521218,801.0,2.0
174.83702416270688,-13.316827250522644,826.0,2.0
165.33405362371886,-12.544369455758948,861.0,2.0
152.86618372133492,-26.14868149752478,801.0,2.0
149.621437145922,-31.87581053565298,801.0,2.0
155.2090727422389,-15.204409972901013,836.0,2.0
166.45108143128158,-50.85807582108876,813.0,2.0
178.9805086139651,-43.4717707883031,813.0,2.0
174.28774658045361,-41.68992387077493,8067.0,2.0
166.99388834669892,-14.51589627728154,827.0,2.0
152.56207901289312,-49.45773717797668,801.0,2.0
179.7500982485447,-25.19642817883307,823.0,2.0
178.98179313288455,-16.176806690290007,825.0,2.0
167.05564634145742,-46.51378315083643,81315.0,2.0
155.7454258282276,-34.774463064198606,833.0,2.0
156.44336578549846,-45.9558739406166,833.0,2.0
173.90592013762523,-24.002034588965856,838.0,2.0
169.22895750759213,-27.77585852922866,834.0,3.0
178.8346953455319,-18.708201034262128,838.0,3.0
166.2253238163106,-30.13814288187871,833.0,3.0
157.0443259211465,-15.259286090206508,889.0,3.0
168.82614296226978,-16.094059314656974,857.0,3.0
161.35456402364412,-46.48295635714036,833.0,3.0
150.02511605868315,-27.18320190353638,801.0,3.0
161.96542238882108,-25.693791147978025,869.0,3.0
170.7734932312961,-25.40627637572104,835.0,3.0
149.45482934601762,-34.962670534487316,801.0,3.0
165.87196363142783,-27.7919650118851,869.0,3.0
148.2571026986706,-42.37079876989338,850.0,3.0
179.08072547092166,-51.33213606927657,901.0,3.0
164.23266717364876,-17.52483025646034,844.0,3.0
169.76518604847547,-12.154764523330494,824.0,3.0
177.0306834854581,-16.498043370451505,826.0,3.0
164.62506876112033,-13.412233506276634,859.0,3.0
150.47168848272145,-44.530017681000515,887.0,3.0
175.2674414950087,-22.100061106502572,838.0,3.0
156.519408327507,-12.872893381434672,836.0,3.0
166.6050554655484,-49.33973936659687,813.0,3.0
173.91336526514618,-19.849580104509187,824.0,3.0
178.67596979857444,-27.285593283867268,839.0,3.0
153.34134715470714,-12.068920228390795,836.0,3.0
168.59395610299714,-34.70931914776726,834.0,3.0
161.79087395971825,-38.9985976098757,833.0,3.0
156.3494345183659,-39.994042375121104,801.0,3.0
172.73788597686033,-44.11325907600572,813.0,3.0
164.36672462191174,-36.136844339680785,833.0,3.0
155.97851576900058,-43.321604240843676,801.0,3.0
158.83525327922942,-13.779694525582144,889.0,3.0
179.21005245321422,-43.720449382384174,813.0,3.0
156.50114811565206,-37.918876252694716,833.0,3.0
157.16947525322232,-28.56947441987029,833.0,3.0
169.98562582900118,-38.17358526981642,868.0,3.0
152.95748077009338,-50.01109102159386,801.0,3.0
154.2945046347404,-47.81163959363011,801.0,3.0
170.80816515604639,-27.52721538498561,834.0,3.0
171.35709791696829,-21.341901547741013,857.0,3.0
164.45832771667125,-39.10001791431839,833.0,3.0
166.76853966214932,-40.171075132282795,868.0,3.0
165.61953866843558,-24.566149417413193,869.0,3.0
165.65982404184132,-26.324442031125717,869.0,3.0
172.09354895364692,-44.93441874268221,813.0,3.0
179.5757975965636,-26.16037817433153,823.0,3.0
158.97665647735045,-42.45614819796923,833.0,3.0
157.12589828858444,-33.02448575361601,833.0,3.0
169.81486213516237,-36.441321391807364,833.0,3.0
168.09433998397267,-19.85272943156569,855.0,3.0
172.42784955781892,-26.98943355409561,835.0,3.0
159.3292954308067,-20.5381115477783,869.0,3.0
172.98930272914586,-28.140572817877963,835.0,3.0
158.2344833876567,-29.254071962903428,884.0,3.0
174.0490310081624,-34.364043423561924,8065.0,3.0
163.9213810537807,-23.984611656979823,869.0,3.0
159.34752890339362,-41.955296168167074,833.0,3.0
176.6139558537014,-16.448009436602486,826.0,3.0
161.40754973126482,-29.536121117641816,869.0,3.0
176.76987056717266,-42.48887437627293,983.0,3.0
157.60062782192696,-49.039867216042175,801.0,3.0
176.80613839411453,-34.61915950365717,835.0,3.0
157.74266186569508,-48.585132528613435,801.0,3.0
165.26673089948937,-49.900652045104295,813.0,3.0
149.50902733207113,-11.992188359396215,836.0,3.0
168.90624974774718,-17.10280234426552,827.0,3.0
167.82718110045337,-20.05339701018346,855.0,3.0
163.36111438458232,-23.31620491953444,869.0,3.0
179.53203483059752,-21.714308588794122,839.0,3.0
174.46180553391238,-17.68608365264179,824.0,3.0
159.5377537454644,-34.622004282736675,833.0,3.0
159.73607654887888,-50.20218957622222,801.0,3.0
167.16281840479022,-13.375765964095722,827.0,3.0
158.61608565340578,-51.090007089286644,801.0,3.0
150.11141625185732,-34.63165150397939,801.0,3.0
154.0039202535237,-31.40489792461591,801.0,3.0
161.57297903947492,-45.349583162307155,833.0,3.0
173.01512964301057,-20.09440612165568,824.0,4.0
178.86994502865952,-48.510833899296216,813.0,4.0
170.69821841493822,-49.87889519543343,813.0,4.0
158.4655215856608,-45.0675997325241,833.0,4.0
161.06986963050204,-21.45250272349164,869.0,4.0
162.54799430265902,-16.491452024110902,861.0,4.0
153.21303311228957,-36.458278699654564,801.0,4.0
164.49701223212344,-13.281760969740324,861.0,4.0
157.34678661634814,-31.79840043379775,885.0,4.0
163.51492564580306,-25.804832450756248,869.0,4.0
150.99398171322312,-43.87620775562613,887.0,4.0
148.6163380569664,-20.70977143728869,801.0,4.0
152.2639234650579,-50.14958808495095,801.0,4.0
179.08381829091368,-40.21273026629966,983.0,4.0
158.0857787209466,-37.981871153056076,833.0,4.0
156.3002169979254,-50.73166196621789,801.0,4.0
162.07128860939494,-26.283650350770365,869.0,5.0
152.13326876016757,-23.214094417441693,801.0,5.0
170.9309081828996,-50.562400326376846,813.0,5.0
160.20912102010325,-18.151313461988565,861.0,5.0
155.2514740318795,-19.951563520059665,833.0,5.0
152.45715293155357,-34.60259054149426,801.0,5.0
171.0405369702656,-19.63978910139347,857.0,5.0
173.99251790581974,-37.5323695827809,8065.0,5.0
178.89159067839242,-23.89849734864828,839.0,5.0
153.74692382288902,-29.91861256301879,801.0,5.0
151.64898577919914,-31.68205108265491,801.0,5.0
167.51947048257878,-33.50724156239291,834.0,5.0
175.92033687269696,-35.521710543719394,8065.0,5.0
150.70590990835578,-42.22657928444768,801.0,5.0
151.25531039222332,-51.01054675195444,801.0,5.0
150.37541625499475,-12.865549776246652,836.0,5.0
166.21033309962533,-38.69007308944953,833.0,5.0
149.71914948559117,-14.703064495722591,827.0,5.0
161.04974542268138,-34.040480210617616,833.0,6.0
153.43700952367837,-35.749801644353454,801.0,6.0
179.5820666626474,-46.78512262671792,901.0,6.0
166.97452544669818,-12.377350787227492,827.0,6.0
153.80757573248124,-24.47078326061161,801.0,6.0
174.150225968064,-48.80305390309007,813.0,6.0
163.11633414938498,-40.7457064126199,833.0,6.0
173.94050388145428,-19.793744563943648,824.0,6.0
171.3892314852924,-15.239763727031827,824.0,6.0
164.62401400332286,-19.09179602475408,844.0,6.0
149.35427646779056,-12.841889803214643,836.0,6.0
159.75527225957194,-34.22294979386239,833.0,6.0
174.3987944101884,-30.94730925494599,835.0,6.0
153.1514648922814,-38.74644904420065,801.0,6.0
169.52050044777368,-22.69952182946095,855.0,6.0
149.42555176883948,-23.887394940511218,801.0,6.0
167.58560600954945,-22.89465372912181,845.0,6.0
175.41795297109675,-19.489263041893306,824.0,6.0
174.47839087011687,-23.756425111845683,838.0,6.0
167.18422700516675,-18.767308376279992,857.0,6.0
171.14565049040206,-40.663212847185136,868.0,7.0
178.7931842368191,-48.31377608444114,813.0,7.0
152.9538387589126,-21.650034291530577,801.0,7.0
154.8909645334585,-43.796610362785295,801.0,7.0
165.6929971701353,-38.538615078289425,833.0,7.0
170.5112901359901,-32.911368977447516,834.0,7.0
172.91296639592548,-20.210967157775308,824.0,7.0
171.09608314298686,-14.104638146285176,824.0,7.0
175.54850894747162,-19.3107859963986,824.0,7.0
151.5329870881645,-20.3789479313976,801.0,7.0
153.5734206889104,-32.97452137844998,801.0,7.0
157.1063279967416,-27.10995630702271,883.0,7.0
178.91047437172358,-24.732498509866556,839.0,7.0
172.4358493969641,-21.564694116057773,857.0,7.0
176.0713495403273,-28.493249412867016,835.0,7.0
161.08340986545568,-14.802048519202573,861.0,7.0
177.82513996891842,-51.37073982579319,901.0,7.0
175.3176824009566,-39.066594382081725,8065.0,7.0
162.30420563110565,-48.0559428797421,801.0,7.0
179.9120211983204,-50.05595053862933,901.0,7.0
168.26890058219774,-14.348164447011385,857.0,7.0
161.0619587955643,-41.99074598580696,833.0,7.0
160.90674534203924,-14.584958969342942,861.0,7.0
156.9336996683763,-35.08435733721569,833.0,7.0
152.81596138524634,-20.554736399378232,801.0,7.0
162.66154443850832,-12.995773294193585,861.0,8.0
175.05453732072343,-37.703144709923336,8065.0,8.0
162.5771810446199,-46.277998957312114,833.0,8.0
176.29494035599174,-13.805543654692755,826.0,8.0
151.9579649108687,-39.99024951069421,801.0,8.0
152.1641879650397,-39.399128383395684,801.0,8.0
159.7247123220501,-32.077494844207244,869.0,8.0
163.955847787587,-14.309460516772944,859.0,8.0
170.8478581942951,-17.32775905803372,857.0,8.0
157.91486410803478,-37.0838981252221,833.0,8.0
162.49126112133703,-46.11522830988529,833.0,8.0
151.8890084468219,-48.86724853345996,801.0,8.0
157.0941383103207,-51.75362136868187,801.0,8.0
154.71847611104963,-41.46912274413522,801.0,8.0
170.627206778508,-50.00304970688627,813.0,8.0
153.7542967787241,-41.90301804281154,801.0,8.0
179.3424229936737,-52.5986824024837,901.0,8.0
169.7090313488795,-28.908922461028176,834.0,8.0
174.02309711877473,-28.353175134939477,835.0,8.0
179.28649196414972,-45.67341521613629,901.0,8.0
150.5641945135203,-18.96282819427032,801.0,8.0
172.8785532652535,-50.36319954504488,813.0,8.0
148.50730025094816,-34.848613716114265,801.0,8.0
158.11181149342104,-45.017537672840916,833.0,8.0
179.34148996683453,-23.167630194465307,823.0,8.0
155.38733791260358,-45.11750602812772,801.0,8.0
152.14265625687509,-28.747468209914107,801.0,9.0
168.82924083748466,-14.652417392045429,857.0,9.0
157.86695715725764,-33.50857496930938,886.0,9.0
173.62219041677207,-42.47707709520317,813.0,9.0
153.48243798530856,-37.9712833437066,801.0,9.0
165.7950913814061,-15.92797268714348,857.0,9.0
155.88022316463883,-16.347390284581756,836.0,9.0
154.5375149185596,-29.160970923154416,801.0,9.0
172.30491702783974,-12.425779284302044,981.0,9.0
151.18406566017063,-12.109551379722989,836.0,9.0
151.48312259003728,-11.964950859947471,836.0,9.0
177.42723838163795,-20.414114275782627,838.0,9.0
170.73463094245116,-20.27866543645075,857.0,9.0
152.11066377778184,-47.09444224173515,801.0,9.0
157.98548717652255,-51.81326170699903,801.0,9.0
178.28415741754105,-29.049422831444996,839.0,9.0
163.7381076697038,-48.17079403298839,801.0,9.0
160.33930041419168,-31.304046648199357,869.0,9.0
178.47225861360016,-35.02712329814855,823.0,9.0
165.6870686595834,-38.99475243346974,833.0,9.0
163.39604366723802,-11.736413787636204,861.0,9.0
157.92674222556118,-12.26484935054215,836.0,9.0
158.7091152837825,-49.86529952550219,801.0,9.0
157.0261862229909,-34.91798576289455,833.0,9.0
153.54031115348738,-18.53073158561729,801.0,9.0
147.82697695514244,-37.847762654528665,801.0,9.0
155.66649357804982,-39.026802643811706,801.0,9.0
161.9184802848525,-39.95478113186547,833.0,9.0
153.08843875862357,-28.50062568414736,801.0,9.0
172.02188917662536,-29.063709803498174,835.0,9.0
152.36106939827798,-48.133532331899346,801.0,9.0
173.56530085897018,-16.260695370894823,824.0,10.0
154.32763510050592,-48.926436518425405,801.0,10.0
170.04016386444314,-35.73866244041514,834.0,10.0
176.01097231843846,-22.53816686058707,838.0,10.0
155.86869354909848,-35.55340212791576,833.0,10.0
152.56162486275826,-31.57490195273269,801.0,10.0
150.8917759806368,-38.935331330918785,801.0,10.0
158.35429204002025,-46.339637162893524,833.0,10.0
163.01293647197227,-27.572322281131463,869.0,10.0
173.09442550318047,-15.26811874574232,824.0,10.0
164.87068726461618,-16.663678887260858,857.0,10.0
148.2622504083889,-30.16208287727056,801.0,10.0
166.08586576115366,-42.476072069598786,833.0,10.0
176.21258857761558,-36.51902535920979,8065.0,10.0
175.06291320234055,-13.946316905917966,826.0,10.0
153.59626081472737,-40.28800771613947,801.0,10.0
174.24825196387062,-18.7244549047917,824.0,10.0
167.99774923035653,-30.16401780074873,834.0,10.0
166.86549429268715,-11.520280126931914,827.0,10.0
161.4971283783376,-45.88322415810322,833.0,10.0
179.3756408690942,-24.14679943064879,823.0,10.0
161.20265924785522,-33.76922202324036,833.0,10.0
159.0909599553219,-47.846636403862036,833.0,10.0
179.8055888428608,-28.206117603372284,823.0,10.0
154.73234400500783,-19.46991794576458,801.0,10.0
168.97804564839325,-13.5160521296809,857.0,10.0
166.41115998731792,-22.173313774329706,845.0,10.0
152.51997033384242,-35.812904860187686,801.0,10.0
160.8761095843004,-44.807702346559374,833.0,10.0
174.2256849524662,-38.50601873660998,8065.0,11.0
148.76480042410344,-37.182435078481376,801.0,11.0
160.72763733853657,-20.123836768236497,869.0,11.0
148.12130699917205,-52.592990441903346,801.0,11.0
178.066831220161,-32.97930165890085,856.0,11.0
171.2271775301676,-17.271240478014146,857.0,11.0
149.20838659147498,-12.577141405848472,836.0,11.0
174.39989690881913,-48.12198021540703,813.0,11.0
164.0436741926444,-42.17009026300944,833.0,11.0
155.2237607877982,-46.094782203117816,801.0,11.0
161.35974121478486,-49.34764649816486,801.0,11.0
152.06479488952183,-36.48190687016401,801.0,12.0
171.66406973364963,-43.228478567063036,813.0,12.0
170.84136056753633,-31.432029568424767,834.0,12.0
148.58589215735148,-29.322277470887226,801.0,12.0
159.7377783419193,-44.301113586052615,833.0,12.0
157.19986699129524,-45.36627733656179,833.0,12.0
162.4552300393915,-22.16166860250379,869.0,12.0
167.27434459599291,-26.35139434025373,845.0,12.0
152.92420510497104,-28.656636448014456,801.0,12.0
165.53010257420055,-14.10564865940075,859.0,12.0
165.855652349161,-23.22924331777737,869.0,12.0
164.78856392505952,-45.07371683111365,833.0,12.0
175.6002803818366,-22.99787455404592,838.0,12.0
162.35787202369372,-51.99788103974132,901.0,12.0
169.34491110952845,-35.412148983668814,834.0,12.0
174.21478618082725,-23.02048678366839,838.0,12.0
177.86865597116872,-21.12930856587769,838.0,12.0
169.1543397941818,-16.225333082155544,857.0,12.0
156.95702135352855,-39.63923904746933,833.0,12.0
163.3720172428942,-23.7222642579394,869.0,12.0
174.4400922129801,-20.4619341347632,824.0,13.0
171.8585161624004,-31.514554276872197,835.0,13.0
161.39307079887232,-18.39720867565237,869.0,13.0
172.60518475924044,-15.358625782823427,824.0,13.0
153.0574849163854,-38.25270292025464,801.0,13.0
149.20927614974184,-23.74081887180341,801.0,13.0
179.69392919759773,-22.690729726197414,823.0,13.0
154.65402757870527,-38.37420997746031,801.0,13.0
176.91435059778576,-50.66040420579596,901.0,13.0
158.2206338887459,-27.006661391451225,883.0,13.0
170.35580523670646,-35.31070823645011,834.0,13.0
153.47772715868456,-23.44590611785029,801.0,13.0
161.77520981860494,-16.18470282209443,861.0,13.0
164.64502340063714,-48.88739954214365,813.0,13.0
163.89574509549567,-36.823670756584285,833.0,13.0
174.0481418407974,-15.89454187586164,824.0,13.0
152.5977150304388,-30.418025902724942,801.0,13.0
160.6227379639194,-45.37937231446747,833.0,13.0
152.01411466891852,-45.52551198509795,801.0,13.0
176.49287230193082,-18.070159703411868,824.0,13.0
152.99635694796615,-42.993230666829966,801.0,13.0
170.99485610306272,-11.848005996503074,824.0,13.0
150.9811448443904,-33.961571040233714,801.0,13.0
177.2726861458646,-28.35833461118392,839.0,14.0
153.94309516573475,-22.982493375086836,801.0,14.0
169.72918977250436,-30.719631757757014,834.0,14.0
148.14902884380075,-27.217230639757148,801.0,14.0
161.70320579798408,-45.74305902954837,833.0,14.0
168.63596503428147,-40.83086455974205,868.0,14.0
160.05089288952774,-13.384592875150387,860.0,14.0
168.1599389208905,-15.491785741064561,827.0,14.0
166.70521850250634,-39.76044715586981,868.0,14.0
167.07172394408659,-22.469788246708713,845.0,14.0
158.139840865254,-20.417028476490398,890.0,14.0
154.27207944015169,-49.884491651004936,801.0,14.0
152.01949145335928,-12.928166049517289,836.0,14.0
166.3388300767124,-12.789471560442207,827.0,15.0
152.94599951518924,-12.096524172980388,836.0,15.0
174.2926512834536,-18.091254160147894,824.0,15.0
160.45910041823097,-45.08411051643946,833.0,15.0
157.71391547815216,-43.40037098479742,833.0,15.0
165.07148851338312,-21.95142153026564,869.0,15.0
179.5375481678301,-34.145236345011156,823.0,15.0
155.07726187446755,-38.367237034659816,801.0,15.0
156.4147291541898,-20.185131367292318,890.0,15.0
152.56068184792034,-40.0898031438955,801.0,15.0
179.37708867111309,-26.764081514521376,823.0,15.0
160.9990577109583,-38.566884486446,833.0,15.0
148.38457269698574,-51.53498868929613,801.0,15.0
164.3635615618918,-45.89105274585504,833.0,15.0
147.77162681707696,-11.020252220280938,878.0,15.0
152.0009990120484,-35.779804405815476,801.0,15.0
157.38877629445378,-17.87860247483932,890.0,15.0
154.81677568718808,-51.723919563684795,801.0,15.0
162.9886390803158,-30.752382359690863,833.0,15.0
149.22592678997484,-33.68946539102265,801.0,16.0
179.9483107239447,-38.4154523100741,983.0,16.0
154.43620334506204,-15.7408681054919,801.0,16.0
150.19271068138528,-44.13061170368862,887.0,16.0
153.06008234342795,-24.03736274394193,801.0,16.0
160.86002238596194,-21.34151808819554,869.0,16.0
171.9466055335867,-32.7122326774754,835.0,16.0
168.0813323673137,-39.34053959995692,868.0,16.0
177.26113937352943,-12.015996033337196,982.0,16.0
150.4688592817821,-22.707876917260013,801.0,16.0
148.9254306369129,-22.59863677645702,801.0,16.0
149.6271437694567,-21.052562294853352,801.0,16.0
151.1588193582956,-42.27798999484473,801.0,16.0
151.96343210922615,-27.56806429474077,801.0,16.0
174.32381863291997,-13.734874730652573,813.0,16.0
173.8750629760082,-49.41314625053304,801.0,16.0
150.40035651089494,-38.74426375006349,857.0,16.0
165.74969590539197,-17.94422252935224,838.0,16.0
173.9797118726469,-21.99078906850153,866.0,16.0
156.65811564290422,-21.392210994286287,838.0,16.0
177.76209987263871,-21.145816716109834,833.0,16.0
160.87382213428612,-42.133294576285635,836.0,16.0
155.45120119359595,-14.013331941212885,835.0,16.0
153.9703426655598,-49.50911107368408,,16.0
175.58472188449997,-25.2508091966739,983.0,17.0
178.36033701988785,-36.353532474607,813.0,17.0
171.15585313928992,-50.12272456380872,982.0,17.0
175.20501274617888,-11.987101765445757,801.0,17.0
148.01664838996115,-37.43275901458411,80613.0,17.0
173.26481390993888,-40.49936685060708,833.0,17.0
165.82168751284627,-41.455740010262076,833.0,17.0
160.973148557998,-33.07017498183013,801.0,17.0
160.70451696900304,-49.402059661690004,857.0,17.0
169.66759661576646,-18.854552211035053,801.0,17.0
151.50618759154673,-28.141935364698107,801.0,17.0
148.23921962404478,-32.406502185642275,869.0,17.0
160.67630546452713,-21.71303036353202,869.0,17.0
162.5609967436109,-27.24915424702856,801.0,17.0
158.15482472890977,-48.49284156953526,833.0,17.0
162.73381429499094,-31.383254848199968,861.0,17.0
161.56955223329075,-15.80120071224202,850.0,17.0
148.3856191239831,-40.697075167778586,833.0,17.0
156.28067849180718,-32.76034189148425,981.0,17.0
171.21054461682198,-11.788719940524373,801.0,18.0
149.9666288130704,-45.66251973554279,836.0,18.0
154.4267545745526,-13.932981539310973,857.0,18.0
170.73917278386367,-21.242468552059453,833.0,18.0
158.56367671934618,-42.06413261863543,801.0,18.0
149.8552335604891,-18.476003978424195,801.0,18.0
152.48342558088362,-28.528377694458452,869.0,18.0
166.14131138273603,-25.23597377590852,801.0,18.0
159.12280826860038,-51.313611511251715,813.0,18.0
178.04219460766288,-45.30160996350687,836.0,18.0
164.52228474964363,-28.399969714627694,868.0,18.0
158.1675277480122,-12.954222185031462,835.0,19.0
175.31361922309173,-32.230413241919564,801.0,19.0
151.79406349195355,-44.01832581380611,801.0,19.0
149.10587243101494,-33.217112705169676,833.0,19.0
166.656440649041,-43.310725127562996,835.0,19.0
173.24200493008922,-31.25531207142466,833.0,19.0
156.99108315047013,-38.12380258391286,801.0,19.0
151.44775936420382,-32.30453013042198,869.0,19.0
160.3650310118353,-20.862842201005,801.0,19.0
151.43117410576247,-28.69527722522542,824.0,19.0
169.79808579758395,-12.197137822825106,833.0,19.0
160.84214863561638,-37.06501406046566,833.0,19.0
158.08533603132784,-37.548566461289475,868.0,19.0
172.07100650755498,-39.13166541469297,801.0,19.0
153.7086498926636,-31.59260917822801,835.0,19.0
174.65304884546245,-30.751794340316447,836.0,19.0
158.25386750426932,-11.413056148365722,813.0,19.0
167.26379713615418,-50.51392984090317,823.0,19.0
168.99455794703263,-40.655348504213684,813.0,19.0
177.1929200459676,-35.62228363223022,801.0,20.0
153.5433408438061,-24.919769642354762,886.0,20.0
157.9882201484934,-33.048738197071785,823.0,20.0
178.2530825058321,-33.62933855869947,834.0,20.0
167.91889071106928,-27.73613371552088,839.0,20.0
176.2437411322424,-28.06354079617129,813.0,20.0
172.6552544138881,-45.66494643157723,801.0,20.0
151.85935014003584,-25.003212320567002,982.0,20.0
178.67544791682386,-12.354759455323714,8064.0,20.0
178.7674989055521,-38.52738040282424,857.0,20.0
166.62931261410773,-19.16988405813759,833.0,20.0
160.9620626860879,-41.145981597800606,834.0,20.0
167.33674775521862,-34.35504412834945,801.0,20.0
149.49664171107045,-32.80436253441725,890.0,20.0
156.8009506876204,-20.840961844064253,852.0,20.0
149.684318185177,-47.387555358993346,839.0,20.0
177.30844124119957,-26.379898886321488,835.0,20.0
171.7460392577032,-26.199106582198247,835.0,20.0
176.05031310107643,-32.044601208637054,836.0,20.0
152.64048872362798,-13.77191372538742,833.0,21.0
163.0584372682271,-45.822200039945706,901.0,21.0
178.46448941642132,-51.712167725683344,836.0,21.0
152.84339842470746,-11.717854219961552,8064.0,21.0
177.50032309466764,-41.0978274565319,801.0,21.0
147.8054669992907,-27.98572834512566,813.0,21.0
173.17450753814967,-45.62182248990299,982.0,21.0
179.1457782088281,-12.645836173806579,833.0,21.0
157.2831820200165,-34.77034113269072,813.0,21.0
169.26458342615575,-46.420087224609965,823.0,21.0
166.80494374507882,-51.758720825871116,869.0,21.0
177.90457417562314,-35.40957561281735,835.0,22.0
174.07321302253422,-30.47808411983425,813.0,22.0
170.33271843267167,-50.091532939788934,857.0,22.0
170.63080368886304,-14.890650887634076,825.0,22.0
177.22565490250977,-17.681319080342096,884.0,22.0
157.76902048197226,-29.609405138793004,823.0,22.0
179.9519355643094,-30.548350627243046,801.0,22.0
149.66451520939643,-29.637101575254558,801.0,22.0
152.63634150815741,-51.93548203907414,823.0,22.0
179.39749956743992,-33.55303945609292,869.0,22.0
165.17986437911526,-24.576091482700647,835.0,22.0
175.25704452558162,-30.59029009810159,834.0,22.0
167.6763570871637,-28.47022355720522,801.0,22.0
151.48888976108069,-27.771519595260774,823.0,22.0
179.79150330933734,-26.815355135298557,835.0,22.0
176.40376630111297,-32.01849295650062,801.0,22.0
152.30481916352616,-34.176994007598054,857.0,23.0
170.17725040764503,-14.673489313668833,824.0,23.0
172.8692710575974,-16.576023185362097,8065.0,23.0
174.61734474485604,-34.871460101470944,869.0,23.0
162.40957732344663,-18.693751575008516,852.0,23.0
149.51457099126188,-48.0144896972828,860.0,23.0
161.72099574693522,-12.332725693680059,813.0,23.0
174.27686837323873,-47.507964425674324,838.0,23.0
177.1451093596751,-18.752609649163865,813.0,23.0
176.85055662400663,-43.9488485537666,8065.0,23.0
175.94114390554998,-36.259180717665416,836.0,23.0
155.46489663975794,-12.614361501211036,833.0,23.0
165.84161701487042,-35.460869335697325,813.0,23.0
178.1428431177639,-44.70105721203578,813.0,23.0
175.5722291273931,-48.7656198630836,801.0,23.0
155.08868081878876,-39.474535304101174,801.0,23.0
148.50818230817924,-32.738093217997104,869.0,23.0
165.34796560207909,-28.635509704673897,801.0,23.0
159.31213859078503,-31.285810524052085,833.0,23.0
154.63107931062302,-43.564278778904715,801.0,24.0
151.07524489491976,-37.514592380428695,833.0,24.0
166.6213180759139,-43.66966533625651,833.0,24.0
158.98899670273812,-44.30115578831406,833.0,24.0
158.74916210931195,-47.10099574034582,868.0,24.0
169.25016602693498,-37.93294558804913,835.0,24.0
173.13187290069382,-31.58819452829109,860.0,24.0
159.86174681221274,-13.195746530652478,801.0,24.0
152.03182921571462,-49.19883421338239,833.0,24.0
155.32479146327162,-33.688574212149284,857.0,24.0
171.26947519816304,-21.739129406118465,868.0,24.0
168.76470728556387,-39.89866828479579,835.0,24.0
173.14523585922345,-31.703365160505534,869.0,24.0
158.37551840834655,-25.53428575053348,833.0,24.0
156.32518995425218,-29.250502591142308,833.0,24.0
164.74683937077876,-32.150202196015414,801.0,24.0
149.22276457778975,-23.91212115371863,801.0,24.0
152.24617145620925,-25.26555797339484,801.0,24.0
152.0210089423399,-16.155583428148475,8064.0,25.0
175.7965792776802,-40.24734994608664,838.0,25.0
173.49653730510533,-21.945611754094518,839.0,25.0
178.19711538671322,-28.37856236354272,869.0,25.0
160.84387639999278,-24.57960143821404,833.0,25.0
161.45589620635488,-33.70722224130611,833.0,25.0
171.0969720357742,-34.605304760233835,836.0,25.0
155.91134401501282,-16.801629740765957,826.0,25.0
178.96130304113913,-14.047628110588688,868.0,25.0
170.45397798870482,-42.39101735979339,801.0,25.0
150.59941085987057,-23.370136662136346,813.0,25.0
178.94817397754193,-49.67133395795623,833.0,25.0
156.25865231696469,-39.010211591744245,824.0,25.0
176.4056116055321,-18.43258574502255,869.0,25.0
164.04733858879632,-25.47341386491915,834.0,25.0
169.199438729902,-27.430182322328488,801.0,25.0
155.48007398362503,-40.180476208309045,801.0,25.0
152.3822670202427,-44.253956979272544,834.0,26.0
169.1941556550135,-33.458692571348664,836.0,26.0
151.65814800957898,-12.298772923746267,801.0,26.0
151.91539567900216,-30.780250022968268,866.0,26.0
156.40371312294084,-23.22460465984301,887.0,26.0
148.09264012573013,-45.32144000328909,982.0,26.0
179.28430884927596,-12.410210803876845,857.0,26.0
172.63032608352088,-20.615049459692443,836.0,26.0
157.2320163537189,-13.626885937152386,833.0,26.0
158.82193382513108,-39.63489547263587,982.0,26.0
179.57582747396805,-12.790426499850128,869.0,26.0
162.61886498125926,-25.344614637994443,801.0,27.0
152.7764055309419,-24.98453327524316,869.0,27.0
159.29051808001802,-28.89361535685265,801.0,27.0
153.898881750807,-37.582741619804345,824.0,27.0
174.11177704506298,-19.96548529236912,826.0,27.0
177.7395715867741,-13.559133042607732,866.0,27.0
156.90675266011473,-23.463104247848115,801.0,27.0
148.04854624358362,-49.1745822801376,833.0,27.0
159.70663708767628,-42.389202744538174,835.0,27.0
175.08079096702232,-25.768171402351808,8065.0,27.0
173.0546147013847,-35.79856545153332,869.0,27.0
161.75539971736816,-22.23144023419107,869.0,27.0
169.34152575191072,-36.22976683732675,839.0,27.0
163.30474648149593,-21.640376161504353,838.0,28.0
173.2224127076064,-22.702490182005807,836.0,28.0
149.31212766942798,-12.85957752457135,833.0,28.0
164.759075792863,-39.573975799382616,869.0,28.0
163.79557848525434,-28.86806129390173,868.0,28.0
167.48801373648416,-38.33746001903892,833.0,28.0
156.4179634172031,-35.234921687893475,835.0,28.0
175.6349698859336,-32.14274430586229,8064.0,28.0
176.9871550594804,-40.90203972761622,801.0,28.0
155.0306241323655,-31.378168089548467,8065.0,29.0
173.9344269507945,-39.07390806325353,869.0,29.0
162.7666170685692,-25.659899378490877,833.0,29.0
163.17071123708774,-31.118742350547056,868.0,29.0
171.620577650536,-41.24589605752129,833.0,29.0
160.90281835492024,-32.948999253027374,869.0,29.0
163.51890380774182,-29.087354744372263,857.0,29.0
166.2078671590986,-15.719443869171386,868.0,29.0
169.73849629128784,-40.2054986487202,868.0,30.0
168.37135036751408,-39.016165352721096,901.0,30.0
179.0105243784714,-50.97514334319344,836.0,30.0
157.20041258081483,-13.270333739331255,839.0,30.0
177.66335518247712,-25.86301767536288,833.0,30.0
163.73365238292857,-34.05342770629239,801.0,30.0
164.33336533964095,-48.29584561579361,827.0,30.0
170.0736940970532,-19.204365561323108,852.0,31.0
147.95637102171997,-48.217138069721024,834.0,31.0
170.87366358375792,-33.8545594782538,839.0,31.0
178.99619037236317,-22.6465046506916,801.0,31.0
156.682251012353,-48.96106666478982,869.0,31.0
161.40321387480162,-27.375062585837828,801.0,31.0
150.17065158503812,-14.451941266670953,833.0,32.0
158.78674522106883,-45.189636415338775,833.0,32.0
158.3739809444263,-44.578966288674316,801.0,32.0
149.5413934378714,-28.9889490350835,901.0,32.0
162.56269775684186,-51.553391363814505,860.0,32.0
159.06785656339125,-15.036552026062331,833.0,32.0
156.57696317282026,-30.88039022602802,901.0,32.0
161.35662420265322,-51.33837242689611,813.0,32.0
166.31265391782824,-49.89517441695258,801.0,32.0
149.4747252128664,-21.699720543184252,838.0,32.0
175.91276271016818,-20.494988356912643,813.0,33.0
172.6083946195332,-52.374534511917496,860.0,33.0
160.4270873798224,-14.288445773789384,833.0,33.0
161.76315383022782,-45.3850916515646,801.0,33.0
151.18574615372356,-21.69731516356953,833.0,33.0
154.15013770543413,-34.28130657024752,801.0,33.0
154.32307184037623,-20.1979411170016,833.0,33.0
155.95328482688126,-38.82753257732159,869.0,34.0
159.36871135554844,-32.607449432784705,813.0,34.0
175.85439467836582,-50.1476898834856,833.0,34.0
160.82583224020883,-32.493351073504954,801.0,34.0
152.1713886935702,-16.56293078465488,813.0,34.0
166.9021008125356,-49.74531235240725,813.0,34.0
170.1244292803456,-47.89267736986884,801.0,35.0
155.8514905211496,-42.5734877020917,801.0,35.0
160.6954257977689,-48.228612062768704,835.0,35.0
171.20549487150836,-25.74089369744317,889.0,35.0
158.58383033248026,-12.822428822917885,833.0,35.0
162.83996276963006,-40.572747316477354,839.0,36.0
177.1036481705335,-26.36011291038928,801.0,36.0
150.82243634881482,-38.741879785767814,833.0,36.0
156.88444008275962,-38.378735124640215,801.0,37.0
147.8164909980529,-30.743090113219903,813.0,37.0
177.17863507271824,-44.68938621197039,839.0,37.0
176.49579192312044,-24.612517775587346,845.0,38.0
168.0632716183914,-24.346294915530038,839.0,38.0
178.2419379042152,-29.60287151759212,801.0,38.0
151.40032305951237,-19.298392053426028,869.0,39.0
163.20170206896637,-19.870316826411397,813.0,39.0
169.22563619462392,-50.88460008905407,861.0,39.0
161.77578608185874,-17.26408911288661,813.0,40.0
168.49980980836295,-47.175572720754346,801.0,40.0
149.83250244392715,-30.613938732494173,833.0,40.0
156.1136453713666,-33.808158408712615,869.0,40.0
166.15893227585184,-27.509091614821703,824.0,41.0
172.6136347627107,-16.032209795282455,801.0,41.0
153.25687667987404,-47.610874066901495,833.0,42.0
165.79777005311794,-43.06447929352127,801.0,42.0
156.44096853424904,-39.99407858527082,833.0,42.0
164.8035674972366,-29.706195895621576,833.0,42.0
171.81062489191692,-34.16458101003781,833.0,44.0
157.1565002505195,-29.141848443162537,869.0,46.0
163.81409336389646,-24.160738274148738,869.0,46.0
162.43274937729834,-20.53651109299804,801.0,47.0
148.39523383247015,-17.762935213308168,886.0,48.0
157.21513465326146,-33.026972889314735,836.0,48.0
155.14062804498232,-12.81157168639924,823.0,48.0
177.6530437710265,-25.434922529920243,801.0,48.0
179.090968715959,-34.08901971144516,857.0,49.0
170.7620020923718,-15.078109624496351,857.0,49.0
165.58761393760773,-17.889645642720104,813.0,50.0
165.79752991939841,-48.75548305728623,801.0,50.0
150.47949537172082,-16.46088681654905,8064.0,50.0
176.89493803462452,-40.11334557714136,838.0,50.0
179.4421450308144,-17.361710814876538,801.0,51.0
150.36226864729275,-26.783417146162897,824.0,52.0
173.09613099799722,-18.56243939450116,813.0,53.0
167.28967846175203,-51.85935865281843,833.0,55.0
159.80907137837144,-34.34945936915402,860.0,57.0
161.00024348883258,-11.031454500744568,824.0,57.0
175.9714541761314,-17.139886663639082,833.0,57.0
166.4170692904321,-34.39699138167623,836.0,57.0
156.11802598695763,-12.297946146653686,801.0,58.0
166.36289737740924,-13.480922482152089,833.0,58.0
149.81155520486055,-25.01370155381609,857.0,59.0
172.12899469913344,-20.83118497964789,833.0,59.0
160.7533336270289,-34.15778672185733,801.0,60.0
153.2348983462241,-18.544280406061013,801.0,60.0
156.02373330197295,-40.299539349104464,861.0,60.0
166.25093244258912,-43.55247112843029,801.0,60.0
151.11826780571732,-24.91254521426536,801.0,60.0
162.68939427792654,-16.921840383670073,833.0,64.0
164.71203298215167,-44.08507868738933,869.0,64.0
162.70379895480758,-20.940785486414672,869.0,64.0
166.73098286601876,-25.82977640051664,861.0,64.0
164.6494001950629,-12.392437674529527,801.0,64.0
155.42056304178044,-42.43525704337686,836.0,65.0
156.11370351100734,-15.010582495027863,813.0,67.0
164.71839111777902,-47.345495330670786,852.0,67.0
148.72152359074542,-48.11431217173706,801.0,68.0
153.84828941101014,-32.536145264560304,833.0,69.0
163.03944962318502,-41.480953662218496,833.0,71.0
156.17945066031848,-26.5344482565952,833.0,71.0
164.1101310467656,-40.617433050863106,801.0,71.0
152.38303343457326,-16.859596466434468,813.0,71.0
170.48255856616439,-46.714985726364326,869.0,72.0
159.8806968517672,-26.993561797738717,826.0,72.0
177.59027496251025,-16.038468179606255,861.0,72.0
158.28388363336373,-18.680376461554587,801.0,73.0
152.91303971931058,-44.7024214074162,857.0,73.0
170.00663051595836,-14.920334322848456,836.0,74.0
155.06230916420412,-11.239503905726345,845.0,74.0
166.75908906931468,-23.147156157526002,801.0,75.0
153.3912704006123,-26.587974492784138,801.0,75.0
155.87546921939182,-46.94766155275129,813.0,76.0
176.3400127555174,-44.903813152431134,835.0,77.0
176.4773452656599,-33.237559185583876,813.0,77.0
169.15325230871045,-51.78772554713152,824.0,77.0
171.89177963046623,-13.13640586476074,982.0,77.0
176.31928340209598,-11.167830725494085,801.0,78.0
150.5690270416932,-29.838014903904053,824.0,78.0
172.97911873088032,-21.5625755453252,813.0,78.0
170.93167945566674,-46.60475293582671,824.0,78.0
173.94927264151426,-13.21374596487712,8065.0,79.0
173.36118145767998,-34.09013072644892,869.0,80.0
162.13368083369747,-24.180474987660237,866.0,80.0
158.72841256434089,-23.75071579460009,833.0,80.0
155.62780705978167,-35.76546077364401,813.0,80.0
152.37006617368058,-41.391430829499285,801.0,81.0
169.28780307236474,-49.82173046901179,981.0,82.0
175.55031943367595,-11.539559939782356,8064.0,82.0
178.6986890161479,-38.71052206577552,801.0,82.0
155.08262171472384,-19.550346153533027,824.0,82.0
173.6984618939425,-14.580808937806525,801.0,82.0
148.89190614646313,-20.885894195488454,834.0,82.0
169.8108494925791,-28.60929153868099,889.0,83.0
158.58779816607114,-14.364979164142255,868.0,83.0
169.99984420547372,-38.781512199002385,801.0,83.0
151.98713156400134,-49.80453299699853,866.0,83.0
155.91208397664943,-22.75651155094933,801.0,83.0
149.63965710014924,-31.184479649249848,835.0,83.0
174.2206689194811,-25.00685868256335,857.0,83.0
166.64173510587128,-16.005197183307132,869.0,83.0
158.44072065307117,-20.46165713328314,827.0,84.0
168.13722931709404,-15.902673138197029,861.0,84.0
159.08443202422512,-18.773211341645954,869.0,85.0
162.0036813200764,-19.67537820562584,839.0,85.0
178.55249874143226,-21.84822283416347,833.0,85.0
161.20556633502287,-45.49735958437522,801.0,85.0
156.797093559806,-46.82217355172679,869.0,85.0
163.89898592831972,-25.69475993332141,801.0,85.0
160.73761989829768,-51.14845319684333,868.0,85.0
166.8912885759719,-38.1212093599988,869.0,85.0
162.2999014414687,-22.954590421692966,801.0,86.0
148.89134766162726,-37.30996068344058,861.0,86.0
160.39078259713818,-14.822865364458142,833.0,86.0
160.08997882316584,-42.70636545212307,825.0,86.0
177.05540539259854,-17.602643920252,813.0,87.0
169.62069576464324,-50.594437399180634,824.0,87.0
173.77305251640735,-20.964217518074822,801.0,87.0
151.96967191845042,-45.47325549439605,835.0,87.0
174.5517960048663,-26.317581793111053,833.0,88.0
159.12137325769163,-37.460221163510674,868.0,89.0
168.37582527293836,-42.22942412205822,857.0,89.0
172.69351117810615,-18.51480828051989,869.0,89.0
164.93985581351524,-25.256696615296445,801.0,89.0
154.1774666995707,-15.908788722641482,869.0,89.0
161.8171605242181,-28.89724035868173,983.0,90.0
178.61571911370567,-42.26222329373309,813.0,90.0
165.02571072521968,-47.78895515087447,801.0,90.0
154.73747434112602,-52.1595748322367,824.0,90.0
173.23989871654572,-15.027605212248744,813.0,91.0
166.6540493786238,-47.10928026556504,801.0,91.0
148.2481678811627,-16.75663786323515,801.0,92.0
154.1074183058164,-18.738831101707216,827.0,92.0
169.0052245688394,-17.477214243614117,833.0,93.0
157.1343056025083,-40.32758662116506,801.0,93.0
151.50506103316619,-26.08307454966712,8065.0,93.0
174.66090829380443,-39.16697571934606,801.0,93.0
153.39373497760548,-35.4222749652058,901.0,93.0
178.76513801533932,-45.95341991761226,801.0,93.0
153.05251303642416,-34.27878585599709,836.0,94.0
154.20822194169787,-11.837886911162071,8065.0,94.0
172.7581491021896,-38.545022566202675,834.0,94.0
171.5416719823529,-27.14375277451089,833.0,94.0
157.04712401784383,-34.61206461410337,833.0,95.0
157.37539390796846,-37.727630876583326,901.0,95.0
161.287967727898,-51.527945316844466,833.0,95.0
158.3582895284336,-41.073996317325104,869.0,95.0
161.3504938207155,-29.579433923379842,823.0,95.0
178.47322088971276,-35.89839492216359,833.0,95.0
156.34629237608382,-37.515203753215474,801.0,95.0
156.74069531014072,-41.06252104734314,833.0,96.0
163.68201464902026,-36.960277311340754,860.0,96.0
160.3964121660047,-14.059355873483538,857.0,97.0
167.51501291683687,-13.146311943767726,833.0,97.0
159.8759867428088,-33.74519898890957,813.0,97.0
166.81005802514446,-47.08805051392518,901.0,97.0
175.93897921508182,-50.899616763145616,901.0,97.0
163.71400022584763,-50.314039615390186,801.0,97.0
154.56305695868028,-28.4700251787873,801.0,98.0
162.5662296529778,-48.82268290179819,901.0,98.0
178.93431160278894,-50.15504358305945,801.0,98.0
153.52385126165785,-31.271725373369,869.0,98.0
159.3758072654445,-22.72826701023481,801.0,98.0
156.32556323266462,-46.172628670184004,813.0,99.0
170.3118130845261,-51.589731811652186,825.0,99.0
178.17415065861493,-16.90725861917244,836.0,100.0
158.31857531809652,-11.58771171252377,890.0,100.0
172.08753850407737,-38.906589159916436,869.0,100.0
157.4974570715874,-20.337944099769445,801.0,101.0
151.23405224818606,-28.82487385029445,823.0,101.0
179.38299543862374,-25.402024415714244,889.0,102.0
156.71851998359628,-16.106909471217048,855.0,102.0
167.65818869757888,-20.455153462487388,861.0,102.0
159.87000020718452,-18.75946594872441,801.0,102.0
163.22050505670632,-48.88944133040278,861.0,102.0
160.01164896505614,-16.278784863463766,813.0,103.0
174.53049002982158,-45.94493906780028,823.0,104.0
179.57684391349434,-32.58435144764437,833.0,105.0
161.655191294747,-42.2181436495321,869.0,108.0
163.69515910010298,-27.81588783236768,833.0,108.0
157.9091940524161,-47.226360837553045,834.0,108.0
169.61818518182997,-27.93964738061367,801.0,108.0
153.19758613186946,-21.37165046074291,839.0,109.0
177.25530486872486,-29.723527340925468,813.0,110.0
166.1088867422632,-49.11607199493357,833.0,110.0
155.9079779664385,-29.59543738324048,801.0,111.0
151.4810241127945,-50.045137893432454,852.0,113.0
150.32325488280875,-49.12791494103319,801.0,113.0
151.99302644239162,-13.923220246758426,801.0,114.0
149.4941057325261,-31.989278043708072,801.0,114.0
156.62180206383738,-51.70370487705757,801.0,114.0
152.49766538665168,-25.43008467827456,824.0,115.0
174.3720865029779,-15.071051528517456,833.0,117.0
165.78890530948794,-36.388687084948025,801.0,117.0
154.34247269254027,-52.33772123774624,801.0,117.0
154.60235768704123,-45.848921659607775,801.0,119.0
150.53471622607867,-14.886608453671215,801.0,123.0
147.96040702588903,-14.130857762245412,834.0,125.0
166.59315844884642,-31.828476993700573,8064.0,127.0
178.65017022738536,-39.586288048014886,826.0,128.0
174.86577102074875,-13.15239495514478,824.0,142.0
173.4828929104699,-21.66691512139501,834.0,145.0
170.63904981288715,-31.781725928614332,857.0,151.0
164.63378265549002,-16.3398892879638,801.0,161.0
156.36052301363785,-49.881521125625966,889.0,161.0
155.98221682178038,-16.322944971208788,813.0,170.0
175.95293917871155,-50.15385581102786,834.0,173.0
170.51003263415134,-34.62216939711368,833.0,190.0
156.242442676927,-31.49273310703541,834.0,196.0
170.91711868286762,-29.032969048094067,813.0,241.0
167.31181857743118,-52.39482400685542,835.0,259.0
175.94405901516294,-30.63692336616013,801.0,260.0
153.51477172615375,-52.41522765080676,869.0,270.0
164.79067540429878,-21.92274634375922,857.0,285.0
164.79878236441797,-15.869107412429235,801.0,324.0
153.2190799439246,-21.222843991324943,823.0,356.0
178.4725432655255,-33.10021518854988,868.0,381.0
